0/x1001_y535.jpg,0
0/x1005_y690.jpg,0
0/x1006_y1302.jpg,0
0/x1024_y539.jpg,0
0/x1024_y818.jpg,0
0/x1036_y1325.jpg,0
0/x1044_y915.jpg,0
0/x1046_y763.jpg,0
0/x1065_y1151.jpg,0
0/x1066_y1421.jpg,0
0/x1089_y1912.jpg,0
0/x1094_y182.jpg,0
0/x1094_y92.jpg,0
0/x1114_y877.jpg,0
0/x1120_y1456.jpg,0
0/x1137_y799.jpg,0
0/x1145_y129.jpg,0
0/x1149_y1181.jpg,0
0/x1149_y1427.jpg,0
0/x1197_y1314.jpg,0
0/x1232_y83.jpg,0
0/x1249_y1775.jpg,0
0/x1303_y1800.jpg,0
0/x1315_y777.jpg,0
0/x131_y1818.jpg,0
0/x1325_y1179.jpg,0
0/x1338_y770.jpg,0
0/x1341_y244.jpg,0
0/x1343_y1211.jpg,0
0/x1347_y778.jpg,0
0/x1349_y903.jpg,0
0/x1350_y749.jpg,0
0/x1357_y758.jpg,0
0/x1390_y1658.jpg,0
0/x1399_y1127.jpg,0
0/x1409_y911.jpg,0
0/x1421_y869.jpg,0
0/x1429_y758.jpg,0
0/x1430_y1096.jpg,0
0/x143_y754.jpg,0
0/x1441_y775.jpg,0
0/x1451_y1253.jpg,0
0/x1458_y123.jpg,0
0/x1459_y446.jpg,0
0/x1465_y1565.jpg,0
0/x1482_y1690.jpg,0
0/x1493_y1506.jpg,0
0/x1493_y417.jpg,0
0/x1510_y843.jpg,0
0/x1511_y1334.jpg,0
0/x1516_y1202.jpg,0
0/x1538_y1241.jpg,0
0/x1555_y1088.jpg,0
0/x1558_y1523.jpg,0
0/x1561_y781.jpg,0
0/x1562_y1261.jpg,0
0/x1567_y797.jpg,0
0/x1574_y1671.jpg,0
0/x1576_y1135.jpg,0
0/x1586_y1416.jpg,0
0/x1591_y1208.jpg,0
0/x1599_y1196.jpg,0
0/x160_y78.jpg,0
0/x1615_y1236.jpg,0
0/x1662_y979.jpg,0
0/x1713_y1313.jpg,0
0/x1732_y1282.jpg,0
0/x174_y144.jpg,0
0/x1750_y175.jpg,0
0/x1859_y74.jpg,0
0/x1879_y1171.jpg,0
0/x1883_y916.jpg,0
0/x1884_y84.jpg,0
0/x1910_y777.jpg,0
0/x1923_y687.jpg,0
0/x1934_y740.jpg,0
0/x1951_y85.jpg,0
0/x1954_y623.jpg,0
0/x1954_y642.jpg,0
0/x1978_y297.jpg,0
0/x1982_y475.jpg,0
0/x1988_y110.jpg,0
0/x1991_y1389.jpg,0
0/x2006_y294.jpg,0
0/x2014_y1422.jpg,0
0/x2016_y686.jpg,0
0/x2018_y731.jpg,0
0/x2041_y726.jpg,0
0/x2042_y120.jpg,0
0/x2052_y599.jpg,0
0/x2054_y412.jpg,0
0/x2058_y298.jpg,0
0/x206_y162.jpg,0
0/x2070_y782.jpg,0
0/x2108_y408.jpg,0
0/x2110_y1659.jpg,0
0/x2141_y970.jpg,0
0/x214_y221.jpg,0
0/x2191_y1761.jpg,0
0/x2209_y702.jpg,0
0/x2223_y1046.jpg,0
0/x2243_y1676.jpg,0
0/x2244_y1017.jpg,0
0/x2247_y1470.jpg,0
0/x2251_y968.jpg,0
0/x2262_y789.jpg,0
0/x2290_y631.jpg,0
0/x229_y121.jpg,0
0/x2305_y1330.jpg,0
0/x2307_y768.jpg,0
0/x2308_y1430.jpg,0
0/x233_y101.jpg,0
0/x2343_y673.jpg,0
0/x2347_y1252.jpg,0
0/x2374_y1464.jpg,0
0/x2383_y1275.jpg,0
0/x2414_y1899.jpg,0
0/x2422_y650.jpg,0
0/x2480_y629.jpg,0
0/x2490_y1380.jpg,0
0/x2497_y689.jpg,0
0/x2512_y647.jpg,0
0/x2542_y1792.jpg,0
0/x2544_y1361.jpg,0
0/x2555_y1408.jpg,0
0/x274_y101.jpg,0
0/x288_y88.jpg,0
0/x291_y150.jpg,0
0/x292_y119.jpg,0
0/x292_y223.jpg,0
0/x312_y113.jpg,0
0/x314_y98.jpg,0
0/x320_y598.jpg,0
0/x325_y187.jpg,0
0/x343_y116.jpg,0
0/x348_y1886.jpg,0
0/x34_y976.jpg,0
0/x350_y841.jpg,0
0/x352_y41.jpg,0
0/x375_y215.jpg,0
0/x397_y68.jpg,0
0/x435_y213.jpg,0
0/x454_y1829.jpg,0
0/x45_y62.jpg,0
0/x464_y780.jpg,0
0/x483_y1912.jpg,0
0/x510_y841.jpg,0
0/x510_y959.jpg,0
0/x512_y603.jpg,0
0/x526_y585.jpg,0
0/x537_y760.jpg,0
0/x539_y566.jpg,0
0/x540_y809.jpg,0
0/x542_y785.jpg,0
0/x546_y841.jpg,0
0/x548_y869.jpg,0
0/x549_y973.jpg,0
0/x54_y100.jpg,0
0/x555_y902.jpg,0
0/x594_y763.jpg,0
0/x596_y819.jpg,0
0/x614_y905.jpg,0
0/x62_y138.jpg,0
0/x668_y1828.jpg,0
0/x68_y760.jpg,0
0/x693_y1334.jpg,0
0/x716_y1626.jpg,0
0/x736_y1320.jpg,0
0/x73_y180.jpg,0
0/x791_y1302.jpg,0
0/x841_y1543.jpg,0
0/x858_y1218.jpg,0
0/x869_y792.jpg,0
0/x879_y779.jpg,0
0/x880_y1139.jpg,0
0/x883_y1234.jpg,0
0/x885_y122.jpg,0
0/x888_y75.jpg,0
0/x888_y768.jpg,0
0/x889_y746.jpg,0
0/x890_y1470.jpg,0
0/x900_y1197.jpg,0
0/x902_y1219.jpg,0
0/x920_y743.jpg,0
0/x92_y284.jpg,0
0/x934_y840.jpg,0
0/x943_y710.jpg,0
0/x944_y736.jpg,0
0/x956_y1237.jpg,0
0/x958_y720.jpg,0
0/x965_y900.jpg,0
0/x971_y1523.jpg,0
0/x984_y1392.jpg,0
0/x989_y908.jpg,0
0/x995_y1070.jpg,0
0/x996_y1314.jpg,0
1/x1023_y625.jpg,0
1/x1030_y601.jpg,0
1/x1041_y616.jpg,0
1/x1050_y838.jpg,0
1/x1056_y660.jpg,0
1/x1062_y564.jpg,0
1/x1099_y1282.jpg,0
1/x109_y155.jpg,0
1/x1112_y497.jpg,0
1/x1115_y1112.jpg,0
1/x1218_y1155.jpg,0
1/x1221_y106.jpg,0
1/x1224_y1292.jpg,0
1/x1267_y1380.jpg,0
1/x1277_y637.jpg,0
1/x1290_y846.jpg,0
1/x130_y1863.jpg,0
1/x132_y640.jpg,0
1/x1332_y1150.jpg,0
1/x1362_y659.jpg,0
1/x1418_y849.jpg,0
1/x1421_y1197.jpg,0
1/x1429_y670.jpg,0
1/x143_y155.jpg,0
1/x1454_y1129.jpg,0
1/x1455_y655.jpg,0
1/x1457_y1277.jpg,0
1/x1485_y819.jpg,0
1/x1514_y650.jpg,0
1/x1537_y684.jpg,0
1/x1539_y672.jpg,0
1/x1554_y814.jpg,0
1/x1573_y285.jpg,0
1/x1593_y674.jpg,0
1/x1597_y251.jpg,0
1/x172_y267.jpg,0
1/x179_y153.jpg,0
1/x182_y29.jpg,0
1/x1844_y102.jpg,0
1/x1853_y867.jpg,0
1/x1867_y921.jpg,0
1/x1886_y1015.jpg,0
1/x188_y190.jpg,0
1/x1896_y810.jpg,0
1/x189_y91.jpg,0
1/x1920_y668.jpg,0
1/x1935_y575.jpg,0
1/x194_y225.jpg,0
1/x1967_y530.jpg,0
1/x196_y945.jpg,0
1/x1970_y517.jpg,0
1/x1984_y368.jpg,0
1/x1991_y468.jpg,0
1/x1993_y175.jpg,0
1/x2001_y87.jpg,0
1/x2021_y171.jpg,0
1/x2027_y576.jpg,0
1/x2030_y622.jpg,0
1/x2031_y839.jpg,0
1/x2052_y616.jpg,0
1/x2061_y487.jpg,0
1/x2074_y305.jpg,0
1/x2079_y177.jpg,0
1/x2080_y674.jpg,0
1/x2096_y124.jpg,0
1/x2109_y186.jpg,0
1/x2127_y290.jpg,0
1/x2127_y32.jpg,0
1/x2136_y195.jpg,0
1/x2142_y846.jpg,0
1/x2156_y1350.jpg,0
1/x2170_y172.jpg,0
1/x2187_y1178.jpg,0
1/x2202_y1138.jpg,0
1/x2208_y1512.jpg,0
1/x2223_y406.jpg,0
1/x2254_y1222.jpg,0
1/x2254_y846.jpg,0
1/x2259_y885.jpg,0
1/x2264_y1310.jpg,0
1/x2268_y978.jpg,0
1/x2271_y1180.jpg,0
1/x2271_y679.jpg,0
1/x2283_y1212.jpg,0
1/x2283_y933.jpg,0
1/x2294_y1139.jpg,0
1/x2298_y884.jpg,0
1/x2305_y1256.jpg,0
1/x231_y224.jpg,0
1/x2331_y654.jpg,0
1/x2337_y1163.jpg,0
1/x2342_y541.jpg,0
1/x2355_y1481.jpg,0
1/x2362_y1168.jpg,0
1/x2362_y1412.jpg,0
1/x2367_y1836.jpg,0
1/x2380_y1146.jpg,0
1/x2390_y1315.jpg,0
1/x2432_y168.jpg,0
1/x2437_y1794.jpg,0
1/x2446_y538.jpg,0
1/x2459_y960.jpg,0
1/x2465_y1195.jpg,0
1/x2500_y578.jpg,0
1/x2524_y1061.jpg,0
1/x2524_y1758.jpg,0
1/x2525_y540.jpg,0
1/x271_y93.jpg,0
1/x29_y863.jpg,0
1/x304_y55.jpg,0
1/x310_y483.jpg,0
1/x338_y745.jpg,0
1/x365_y82.jpg,0
1/x414_y1872.jpg,0
1/x418_y81.jpg,0
1/x447_y652.jpg,0
1/x44_y43.jpg,0
1/x470_y651.jpg,0
1/x504_y730.jpg,0
1/x506_y481.jpg,0
1/x514_y468.jpg,0
1/x525_y672.jpg,0
1/x527_y697.jpg,0
1/x540_y729.jpg,0
1/x541_y863.jpg,0
1/x543_y759.jpg,0
1/x548_y738.jpg,0
1/x54_y81.jpg,0
1/x551_y791.jpg,0
1/x55_y647.jpg,0
1/x595_y653.jpg,0
1/x610_y794.jpg,0
1/x64_y119.jpg,0
1/x74_y155.jpg,0
1/x84_y193.jpg,0
1/x924_y699.jpg,0
1/x938_y407.jpg,0
1/x939_y629.jpg,0
1/x985_y918.jpg,0
1/x988_y662.jpg,0
2/x1002_y1113.jpg,0
2/x1005_y1092.jpg,0
2/x1005_y741.jpg,0
2/x1019_y1104.jpg,0
2/x1021_y476.jpg,0
2/x1031_y622.jpg,0
2/x1032_y1261.jpg,1
2/x1035_y1113.jpg,0
2/x1043_y397.jpg,1
2/x1055_y1097.jpg,0
2/x1058_y632.jpg,0
2/x105_y359.jpg,0
2/x1063_y1083.jpg,1
2/x1066_y1128.jpg,0
2/x108_y89.jpg,0
2/x1091_y647.jpg,0
2/x1097_y760.jpg,0
2/x1113_y665.jpg,0
2/x1116_y1131.jpg,0
2/x1123_y395.jpg,0
2/x1133_y1127.jpg,0
2/x116_y68.jpg,0
2/x1193_y1389.jpg,1
2/x1207_y1302.jpg,1
2/x1218_y612.jpg,0
2/x1229_y1118.jpg,0
2/x1237_y1276.jpg,0
2/x1245_y1157.jpg,0
2/x1256_y499.jpg,1
2/x1257_y1120.jpg,0
2/x1289_y1284.jpg,0
2/x1302_y968.jpg,0
2/x1325_y1137.jpg,0
2/x1336_y1426.jpg,0
2/x1350_y1088.jpg,0
2/x135_y419.jpg,0
2/x1386_y681.jpg,0
2/x1395_y30.jpg,0
2/x1398_y1101.jpg,0
2/x1400_y30.jpg,0
2/x1403_y1116.jpg,0
2/x1412_y759.jpg,0
2/x141_y359.jpg,0
2/x1425_y656.jpg,0
2/x1429_y85.jpg,0
2/x1444_y1115.jpg,0
2/x1447_y638.jpg,0
2/x1455_y630.jpg,0
2/x1468_y637.jpg,0
2/x1470_y1081.jpg,0
2/x1478_y1098.jpg,0
2/x1482_y1236.jpg,1
2/x1484_y164.jpg,0
2/x1490_y69.jpg,0
2/x1494_y589.jpg,0
2/x1499_y1103.jpg,0
2/x1499_y442.jpg,0
2/x1499_y734.jpg,0
2/x149_y394.jpg,0
2/x1506_y1087.jpg,0
2/x1510_y510.jpg,0
2/x1514_y621.jpg,0
2/x1521_y549.jpg,0
2/x1526_y614.jpg,0
2/x152_y75.jpg,0
2/x1530_y1090.jpg,0
2/x1539_y534.jpg,0
2/x1546_y995.jpg,0
2/x1556_y657.jpg,0
2/x1557_y570.jpg,0
2/x1557_y591.jpg,0
2/x1558_y111.jpg,0
2/x1569_y540.jpg,0
2/x1569_y857.jpg,1
2/x1571_y114.jpg,0
2/x1573_y472.jpg,0
2/x1573_y597.jpg,0
2/x1578_y25.jpg,0
2/x1581_y1342.jpg,0
2/x1584_y547.jpg,0
2/x1586_y553.jpg,0
2/x1590_y732.jpg,0
2/x1597_y578.jpg,0
2/x1599_y45.jpg,0
2/x1600_y592.jpg,0
2/x1601_y637.jpg,0
2/x1606_y27.jpg,0
2/x1607_y557.jpg,0
2/x1612_y589.jpg,0
2/x1615_y721.jpg,0
2/x1623_y575.jpg,0
2/x1632_y584.jpg,0
2/x1650_y614.jpg,0
2/x1653_y568.jpg,0
2/x1655_y33.jpg,0
2/x1658_y563.jpg,0
2/x1664_y591.jpg,0
2/x1670_y1131.jpg,0
2/x1675_y599.jpg,0
2/x1694_y283.jpg,0
2/x1702_y1014.jpg,0
2/x1723_y1107.jpg,0
2/x172_y118.jpg,0
2/x172_y66.jpg,0
2/x174_y194.jpg,0
2/x1765_y1273.jpg,0
2/x1770_y308.jpg,0
2/x1775_y1106.jpg,0
2/x177_y358.jpg,0
2/x1788_y200.jpg,0
2/x1797_y880.jpg,0
2/x1819_y918.jpg,0
2/x1820_y785.jpg,0
2/x1823_y742.jpg,0
2/x1828_y154.jpg,0
2/x1835_y644.jpg,0
2/x1845_y535.jpg,0
2/x184_y392.jpg,0
2/x1855_y590.jpg,0
2/x1876_y1152.jpg,0
2/x1878_y268.jpg,0
2/x1881_y809.jpg,0
2/x1882_y466.jpg,0
2/x1883_y1159.jpg,0
2/x1893_y166.jpg,0
2/x1894_y202.jpg,0
2/x1894_y659.jpg,0
2/x1901_y833.jpg,0
2/x1913_y570.jpg,0
2/x1916_y788.jpg,0
2/x1918_y262.jpg,0
2/x1921_y652.jpg,0
2/x192_y70.jpg,0
2/x1956_y282.jpg,0
2/x1959_y433.jpg,0
2/x1968_y229.jpg,0
2/x1973_y685.jpg,0
2/x1977_y878.jpg,0
2/x1981_y209.jpg,0
2/x1987_y427.jpg,0
2/x2012_y386.jpg,0
2/x2017_y559.jpg,0
2/x2020_y924.jpg,0
2/x2032_y1162.jpg,0
2/x2054_y1112.jpg,0
2/x2056_y246.jpg,0
2/x208_y157.jpg,0
2/x2090_y1839.jpg,0
2/x2100_y313.jpg,0
2/x2101_y515.jpg,0
2/x2110_y1663.jpg,0
2/x2124_y784.jpg,0
2/x213_y575.jpg,0
2/x2145_y1519.jpg,0
2/x2148_y1622.jpg,0
2/x2152_y1736.jpg,0
2/x2154_y384.jpg,0
2/x2157_y1209.jpg,0
2/x2161_y1044.jpg,0
2/x2169_y1779.jpg,0
2/x2184_y1698.jpg,0
2/x2189_y1092.jpg,0
2/x2190_y1272.jpg,0
2/x219_y392.jpg,0
2/x2203_y1839.jpg,0
2/x2210_y1104.jpg,0
2/x2229_y1347.jpg,0
2/x2231_y1265.jpg,0
2/x2235_y1118.jpg,0
2/x2252_y1181.jpg,0
2/x2260_y778.jpg,0
2/x2266_y1214.jpg,0
2/x2268_y1165.jpg,0
2/x226_y84.jpg,0
2/x2296_y650.jpg,0
2/x2319_y664.jpg,0
2/x2365_y779.jpg,0
2/x237_y796.jpg,0
2/x2390_y661.jpg,0
2/x2426_y855.jpg,0
2/x2461_y798.jpg,0
2/x2469_y841.jpg,0
2/x2473_y897.jpg,0
2/x254_y392.jpg,0
2/x256_y924.jpg,0
2/x261_y186.jpg,0
2/x285_y41.jpg,0
2/x290_y388.jpg,0
2/x31_y736.jpg,0
2/x321_y388.jpg,0
2/x323_y1405.jpg,0
2/x33_y45.jpg,0
2/x358_y387.jpg,0
2/x379_y744.jpg,0
2/x406_y1298.jpg,0
2/x410_y579.jpg,0
2/x413_y822.jpg,0
2/x418_y1326.jpg,0
2/x435_y1475.jpg,0
2/x437_y541.jpg,0
2/x441_y1424.jpg,0
2/x450_y821.jpg,0
2/x453_y768.jpg,0
2/x456_y1566.jpg,0
2/x456_y851.jpg,0
2/x456_y955.jpg,0
2/x457_y1327.jpg,0
2/x457_y1372.jpg,0
2/x461_y882.jpg,0
2/x477_y852.jpg,0
2/x47_y113.jpg,0
2/x510_y746.jpg,0
2/x519_y1515.jpg,0
2/x521_y885.jpg,0
2/x526_y1012.jpg,0
2/x544_y1566.jpg,0
2/x558_y1455.jpg,0
2/x594_y1440.jpg,0
2/x607_y913.jpg,0
2/x617_y1828.jpg,0
2/x647_y786.jpg,0
2/x79_y253.jpg,0
2/x812_y1095.jpg,0
2/x841_y614.jpg,0
2/x845_y659.jpg,0
2/x847_y576.jpg,0
2/x84_y131.jpg,0
2/x858_y538.jpg,0
2/x876_y586.jpg,0
2/x877_y564.jpg,0
2/x877_y625.jpg,0
2/x903_y541.jpg,0
2/x909_y711.jpg,0
2/x911_y597.jpg,0
2/x912_y910.jpg,1
2/x916_y557.jpg,0
2/x918_y540.jpg,0
2/x933_y641.jpg,1
2/x934_y566.jpg,0
2/x937_y424.jpg,0
2/x937_y711.jpg,0
2/x94_y190.jpg,0
2/x950_y557.jpg,0
2/x955_y581.jpg,0
2/x965_y257.jpg,0
2/x968_y548.jpg,0
2/x969_y697.jpg,0
2/x981_y606.jpg,0
2/x984_y595.jpg,0
2/x997_y610.jpg,0
3/x1017_y1502.jpg,0
3/x1017_y1582.jpg,0
3/x1022_y1183.jpg,0
3/x1022_y1203.jpg,0
3/x1022_y1840.jpg,0
3/x1024_y593.jpg,0
3/x1026_y805.jpg,0
3/x1028_y232.jpg,0
3/x1029_y1469.jpg,0
3/x1030_y1733.jpg,0
3/x1033_y1581.jpg,0
3/x1033_y1697.jpg,0
3/x1037_y1523.jpg,0
3/x1037_y1625.jpg,0
3/x1040_y1708.jpg,0
3/x1042_y1537.jpg,0
3/x1043_y1836.jpg,0
3/x1048_y1387.jpg,0
3/x1058_y1848.jpg,0
3/x1068_y1418.jpg,0
3/x1076_y1648.jpg,0
3/x1080_y1275.jpg,0
3/x1082_y1591.jpg,0
3/x1083_y1533.jpg,0
3/x1094_y1498.jpg,0
3/x1095_y1485.jpg,0
3/x1095_y185.jpg,0
3/x1097_y1463.jpg,0
3/x1101_y1553.jpg,0
3/x1110_y1454.jpg,0
3/x1121_y1574.jpg,0
3/x1133_y571.jpg,0
3/x1138_y1606.jpg,0
3/x1141_y1418.jpg,0
3/x1149_y571.jpg,0
3/x1153_y1419.jpg,0
3/x1163_y1619.jpg,0
3/x1167_y916.jpg,0
3/x1172_y1447.jpg,0
3/x1174_y1640.jpg,0
3/x1176_y1024.jpg,0
3/x1179_y1837.jpg,0
3/x1193_y1699.jpg,0
3/x1205_y1638.jpg,0
3/x1212_y1749.jpg,0
3/x1213_y1674.jpg,0
3/x1222_y1775.jpg,0
3/x1253_y1728.jpg,0
3/x1260_y1649.jpg,0
3/x1263_y934.jpg,0
3/x1287_y1317.jpg,0
3/x1287_y238.jpg,0
3/x1289_y1502.jpg,0
3/x1289_y1815.jpg,0
3/x1294_y1675.jpg,0
3/x1300_y1599.jpg,0
3/x1303_y1838.jpg,0
3/x1313_y1051.jpg,0
3/x1313_y825.jpg,0
3/x1324_y1118.jpg,0
3/x1324_y1550.jpg,0
3/x1327_y975.jpg,0
3/x1343_y1579.jpg,0
3/x1359_y706.jpg,0
3/x1364_y1567.jpg,0
3/x1364_y1589.jpg,0
3/x1374_y1697.jpg,0
3/x1393_y1907.jpg,0
3/x1399_y935.jpg,0
3/x1404_y1540.jpg,0
3/x1424_y1707.jpg,0
3/x1425_y1549.jpg,0
3/x1448_y1581.jpg,0
3/x1453_y1639.jpg,0
3/x1457_y1668.jpg,0
3/x1459_y1522.jpg,0
3/x1472_y1527.jpg,0
3/x1490_y1515.jpg,0
3/x1491_y900.jpg,0
3/x1502_y1015.jpg,0
3/x1503_y546.jpg,0
3/x1508_y1501.jpg,0
3/x1509_y655.jpg,0
3/x1514_y1811.jpg,0
3/x1524_y1153.jpg,0
3/x1525_y1826.jpg,0
3/x1529_y462.jpg,0
3/x1529_y646.jpg,0
3/x1532_y1499.jpg,0
3/x1537_y256.jpg,0
3/x1547_y1483.jpg,0
3/x1554_y1730.jpg,0
3/x1556_y526.jpg,0
3/x155_y1591.jpg,0
3/x1562_y1433.jpg,0
3/x1573_y1821.jpg,0
3/x1573_y874.jpg,0
3/x1574_y1440.jpg,0
3/x1574_y1480.jpg,0
3/x1575_y530.jpg,0
3/x1579_y268.jpg,0
3/x1582_y1711.jpg,0
3/x1582_y1806.jpg,0
3/x1582_y1834.jpg,0
3/x1587_y1538.jpg,0
3/x1599_y1436.jpg,0
3/x1603_y1508.jpg,0
3/x1604_y1833.jpg,0
3/x1608_y1660.jpg,0
3/x1619_y1587.jpg,0
3/x1621_y1798.jpg,0
3/x1625_y1594.jpg,0
3/x1627_y1624.jpg,0
3/x1630_y1902.jpg,0
3/x1633_y556.jpg,0
3/x1636_y1678.jpg,0
3/x1650_y1848.jpg,0
3/x1654_y1465.jpg,0
3/x1657_y1276.jpg,0
3/x1670_y1342.jpg,0
3/x1673_y1662.jpg,0
3/x1674_y565.jpg,0
3/x1678_y719.jpg,0
3/x1681_y1774.jpg,0
3/x1684_y1378.jpg,0
3/x1685_y1252.jpg,0
3/x1687_y1656.jpg,0
3/x1688_y1802.jpg,0
3/x1693_y1875.jpg,0
3/x1695_y1491.jpg,0
3/x1697_y953.jpg,0
3/x1701_y1430.jpg,0
3/x1703_y1679.jpg,0
3/x1712_y870.jpg,0
3/x1714_y1190.jpg,0
3/x1714_y1749.jpg,0
3/x1714_y1847.jpg,0
3/x1716_y1166.jpg,0
3/x1719_y1516.jpg,0
3/x1724_y1020.jpg,0
3/x1727_y210.jpg,0
3/x1734_y1755.jpg,0
3/x1736_y1345.jpg,0
3/x1736_y261.jpg,0
3/x1738_y1054.jpg,0
3/x1745_y1322.jpg,0
3/x1748_y1817.jpg,0
3/x1780_y1378.jpg,0
3/x1780_y196.jpg,0
3/x1783_y1362.jpg,0
3/x1789_y1288.jpg,0
3/x1792_y1686.jpg,0
3/x1793_y1786.jpg,0
3/x1798_y1609.jpg,0
3/x1802_y1257.jpg,0
3/x1803_y1399.jpg,0
3/x1810_y1371.jpg,0
3/x1811_y1206.jpg,0
3/x1814_y1597.jpg,0
3/x1814_y1619.jpg,0
3/x1816_y1335.jpg,0
3/x1817_y1321.jpg,0
3/x1817_y715.jpg,0
3/x1819_y1229.jpg,0
3/x1819_y990.jpg,0
3/x1821_y1177.jpg,0
3/x1823_y1382.jpg,0
3/x1825_y1713.jpg,0
3/x1828_y1469.jpg,0
3/x1834_y1334.jpg,0
3/x1838_y1238.jpg,0
3/x1841_y1314.jpg,0
3/x1841_y994.jpg,0
3/x1842_y1324.jpg,0
3/x1843_y1146.jpg,0
3/x1844_y1341.jpg,0
3/x1844_y1621.jpg,0
3/x1845_y1230.jpg,0
3/x1845_y1260.jpg,0
3/x1845_y572.jpg,0
3/x1846_y1266.jpg,0
3/x1848_y1393.jpg,0
3/x1852_y1319.jpg,0
3/x1853_y1285.jpg,0
3/x1856_y1228.jpg,0
3/x1856_y1538.jpg,0
3/x1860_y479.jpg,0
3/x1862_y1035.jpg,0
3/x1862_y1398.jpg,0
3/x1863_y1479.jpg,0
3/x1865_y1103.jpg,0
3/x1865_y1197.jpg,0
3/x1865_y1284.jpg,0
3/x1867_y1425.jpg,0
3/x1868_y1231.jpg,0
3/x1868_y1345.jpg,0
3/x1870_y1356.jpg,0
3/x1873_y1449.jpg,0
3/x1874_y1144.jpg,0
3/x1874_y1210.jpg,0
3/x1876_y1406.jpg,0
3/x1879_y1102.jpg,0
3/x1881_y1360.jpg,0
3/x1881_y1421.jpg,0
3/x1883_y1234.jpg,0
3/x1883_y1346.jpg,0
3/x1884_y1311.jpg,0
3/x1885_y1164.jpg,0
3/x1888_y1333.jpg,0
3/x1888_y1396.jpg,0
3/x1891_y1199.jpg,0
3/x1891_y1292.jpg,0
3/x1892_y1260.jpg,0
3/x1893_y1185.jpg,0
3/x1896_y1315.jpg,0
3/x1896_y1366.jpg,0
3/x1897_y1237.jpg,0
3/x1897_y1275.jpg,0
3/x1897_y430.jpg,0
3/x1898_y1067.jpg,0
3/x1898_y1378.jpg,0
3/x1901_y1285.jpg,0
3/x1902_y1218.jpg,0
3/x1904_y1296.jpg,0
3/x1906_y1307.jpg,0
3/x1908_y1410.jpg,0
3/x1910_y1238.jpg,0
3/x1910_y1320.jpg,0
3/x1912_y1279.jpg,0
3/x1917_y1147.jpg,0
3/x1918_y1261.jpg,0
3/x1918_y1301.jpg,0
3/x1920_y67.jpg,0
3/x1921_y1363.jpg,0
3/x1922_y1374.jpg,0
3/x1925_y1241.jpg,0
3/x1925_y1284.jpg,0
3/x1926_y1334.jpg,0
3/x1928_y1252.jpg,0
3/x1929_y1168.jpg,0
3/x1929_y1224.jpg,0
3/x1929_y1263.jpg,0
3/x1929_y1398.jpg,0
3/x1934_y1204.jpg,0
3/x1934_y1232.jpg,0
3/x1934_y1274.jpg,0
3/x1934_y1378.jpg,0
3/x1938_y1076.jpg,0
3/x1938_y1159.jpg,0
3/x1938_y1287.jpg,0
3/x1939_y1243.jpg,0
3/x1940_y1182.jpg,0
3/x1940_y279.jpg,0
3/x1942_y1298.jpg,0
3/x1942_y1427.jpg,0
3/x1943_y1226.jpg,0
3/x1943_y1357.jpg,0
3/x1946_y1266.jpg,0
3/x1946_y1528.jpg,0
3/x1947_y480.jpg,0
3/x1948_y1277.jpg,0
3/x1948_y65.jpg,0
3/x1949_y1151.jpg,0
3/x1949_y1383.jpg,0
3/x1950_y1337.jpg,0
3/x1951_y1205.jpg,0
3/x1951_y1406.jpg,0
3/x1953_y1290.jpg,0
3/x1953_y476.jpg,0
3/x1953_y524.jpg,0
3/x1954_y1135.jpg,0
3/x1954_y1187.jpg,0
3/x1955_y1363.jpg,0
3/x1956_y1244.jpg,0
3/x1957_y1059.jpg,0
3/x1957_y1102.jpg,0
3/x1958_y1227.jpg,0
3/x1961_y1387.jpg,0
3/x1962_y1153.jpg,0
3/x1962_y1168.jpg,0
3/x1962_y1267.jpg,0
3/x1962_y1281.jpg,0
3/x1963_y1348.jpg,0
3/x1963_y1439.jpg,0
3/x1967_y1249.jpg,0
3/x1969_y1219.jpg,0
3/x1970_y1194.jpg,0
3/x1970_y1260.jpg,0
3/x1972_y1317.jpg,0
3/x1973_y1273.jpg,0
3/x1975_y1340.jpg,0
3/x1976_y1352.jpg,0
3/x1976_y1393.jpg,0
3/x1976_y518.jpg,0
3/x1977_y1154.jpg,0
3/x1977_y1285.jpg,0
3/x1977_y1431.jpg,0
3/x197_y398.jpg,0
3/x1980_y1210.jpg,0
3/x1980_y1297.jpg,0
3/x1981_y1310.jpg,0
3/x1981_y1382.jpg,0
3/x1982_y1253.jpg,0
3/x1984_y1449.jpg,0
3/x1986_y1332.jpg,0
3/x1987_y387.jpg,0
3/x1988_y1193.jpg,0
3/x1988_y1232.jpg,0
3/x1988_y1411.jpg,0
3/x1989_y1177.jpg,0
3/x1990_y1290.jpg,0
3/x1990_y1357.jpg,0
3/x1993_y1245.jpg,0
3/x1994_y1156.jpg,0
3/x1995_y1381.jpg,0
3/x1996_y1256.jpg,0
3/x1998_y1338.jpg,0
3/x1999_y1221.jpg,0
3/x1999_y1421.jpg,0
3/x2000_y1167.jpg,0
3/x2000_y1407.jpg,0
3/x2001_y70.jpg,0
3/x2002_y1201.jpg,0
3/x2002_y1294.jpg,0
3/x2003_y1236.jpg,0
3/x2003_y575.jpg,0
3/x2005_y1307.jpg,0
3/x2006_y1377.jpg,0
3/x2007_y1320.jpg,0
3/x2007_y1464.jpg,0
3/x2010_y1340.jpg,0
3/x2011_y1142.jpg,0
3/x2013_y1426.jpg,0
3/x2014_y1288.jpg,0
3/x2016_y1366.jpg,0
3/x2017_y1240.jpg,0
3/x2018_y1312.jpg,0
3/x2019_y1252.jpg,0
3/x2019_y1264.jpg,0
3/x2020_y1182.jpg,0
3/x2020_y1403.jpg,0
3/x2023_y1221.jpg,0
3/x2024_y1350.jpg,0
3/x2024_y1460.jpg,0
3/x2025_y1447.jpg,0
3/x2026_y1278.jpg,0
3/x2027_y1292.jpg,0
3/x2027_y1376.jpg,0
3/x2029_y1305.jpg,0
3/x2029_y1390.jpg,0
3/x2030_y1245.jpg,0
3/x2032_y1214.jpg,0
3/x2032_y1318.jpg,0
3/x2032_y80.jpg,0
3/x2033_y1259.jpg,0
3/x2033_y1331.jpg,0
3/x2035_y1344.jpg,0
3/x2036_y1469.jpg,0
3/x2037_y1271.jpg,0
3/x2038_y1225.jpg,0
3/x2039_y1408.jpg,0
3/x2039_y1445.jpg,0
3/x2040_y1297.jpg,0
3/x2040_y1397.jpg,0
3/x2041_y1194.jpg,0
3/x2042_y1434.jpg,0
3/x2044_y1323.jpg,0
3/x2045_y1249.jpg,0
3/x2045_y1337.jpg,0
3/x2047_y1350.jpg,0
3/x2047_y1376.jpg,0
3/x2048_y1262.jpg,0
3/x2048_y1363.jpg,0
3/x2049_y1217.jpg,0
3/x2049_y1276.jpg,0
3/x2051_y1229.jpg,0
3/x2054_y1200.jpg,0
3/x2054_y1302.jpg,0
3/x2054_y1327.jpg,0
3/x2055_y1316.jpg,0
3/x2058_y1180.jpg,0
3/x2059_y1254.jpg,0
3/x2059_y1344.jpg,0
3/x2060_y1371.jpg,0
3/x2061_y1268.jpg,0
3/x2062_y1441.jpg,0
3/x2063_y1281.jpg,0
3/x2064_y1468.jpg,0
3/x2067_y1323.jpg,0
3/x2067_y1361.jpg,0
3/x2068_y1385.jpg,0
3/x2068_y1439.jpg,0
3/x2069_y1336.jpg,0
3/x2069_y1349.jpg,0
3/x2069_y1452.jpg,0
3/x2075_y1286.jpg,0
3/x2075_y1297.jpg,0
3/x2079_y1328.jpg,0
3/x207_y373.jpg,0
3/x2081_y1342.jpg,0
3/x2081_y1356.jpg,0
3/x2082_y1179.jpg,0
3/x2082_y1251.jpg,0
3/x2085_y1264.jpg,0
3/x2086_y1317.jpg,0
3/x2087_y1221.jpg,0
3/x2087_y1279.jpg,0
3/x2089_y1304.jpg,0
3/x2090_y1140.jpg,0
3/x2091_y1201.jpg,0
3/x2094_y1212.jpg,0
3/x2097_y1553.jpg,0
3/x2104_y1206.jpg,0
3/x2106_y1261.jpg,0
3/x2109_y1320.jpg,0
3/x2120_y1192.jpg,0
3/x2126_y1247.jpg,0
3/x2129_y931.jpg,0
3/x2132_y1197.jpg,0
3/x2132_y1275.jpg,0
3/x2132_y1303.jpg,0
3/x2132_y1316.jpg,0
3/x2136_y1227.jpg,0
3/x2137_y905.jpg,0
3/x2143_y1282.jpg,0
3/x2151_y1383.jpg,0
3/x2152_y1262.jpg,0
3/x2152_y1332.jpg,0
3/x2154_y1284.jpg,0
3/x2160_y814.jpg,0
3/x2166_y1217.jpg,0
3/x2175_y1228.jpg,0
3/x2181_y1400.jpg,0
3/x2192_y578.jpg,0
3/x2218_y1117.jpg,0
3/x2240_y560.jpg,0
3/x2245_y1541.jpg,0
3/x2261_y1042.jpg,0
3/x2267_y1182.jpg,0
3/x2268_y1573.jpg,0
3/x2272_y429.jpg,0
3/x2295_y1061.jpg,0
3/x2295_y1246.jpg,0
3/x2297_y1160.jpg,0
3/x2301_y760.jpg,0
3/x2330_y1453.jpg,0
3/x2337_y1870.jpg,0
3/x2360_y437.jpg,0
3/x2376_y1750.jpg,0
3/x2386_y1059.jpg,0
3/x2388_y1793.jpg,0
3/x2411_y1799.jpg,0
3/x2419_y477.jpg,0
3/x2441_y1429.jpg,0
3/x2441_y436.jpg,0
3/x2464_y1546.jpg,0
3/x2479_y445.jpg,0
3/x248_y1918.jpg,0
3/x2490_y1574.jpg,0
3/x2502_y470.jpg,0
3/x2508_y1915.jpg,0
3/x2531_y491.jpg,0
3/x2546_y1394.jpg,0
3/x2565_y509.jpg,0
3/x2565_y649.jpg,0
3/x353_y587.jpg,0
3/x407_y650.jpg,0
3/x410_y775.jpg,0
3/x427_y592.jpg,0
3/x444_y650.jpg,0
3/x450_y680.jpg,0
3/x456_y787.jpg,0
3/x458_y712.jpg,0
3/x486_y1211.jpg,0
3/x487_y1243.jpg,0
3/x500_y570.jpg,0
3/x502_y1240.jpg,0
3/x518_y1340.jpg,0
3/x519_y716.jpg,0
3/x523_y1253.jpg,0
3/x526_y1239.jpg,0
3/x527_y1359.jpg,0
3/x534_y1215.jpg,0
3/x538_y1281.jpg,0
3/x540_y1338.jpg,0
3/x543_y1407.jpg,0
3/x548_y1168.jpg,0
3/x548_y1363.jpg,0
3/x548_y1380.jpg,0
3/x548_y1634.jpg,0
3/x550_y1258.jpg,0
3/x550_y1304.jpg,0
3/x553_y1156.jpg,0
3/x553_y1413.jpg,0
3/x553_y1459.jpg,0
3/x555_y1218.jpg,0
3/x558_y1280.jpg,0
3/x560_y1196.jpg,0
3/x566_y1261.jpg,0
3/x566_y1394.jpg,0
3/x570_y1357.jpg,0
3/x573_y1405.jpg,0
3/x574_y1115.jpg,0
3/x576_y1130.jpg,0
3/x576_y1304.jpg,0
3/x577_y1255.jpg,0
3/x579_y1417.jpg,0
3/x580_y1363.jpg,0
3/x581_y1226.jpg,0
3/x582_y1473.jpg,0
3/x588_y1503.jpg,0
3/x589_y1199.jpg,0
3/x589_y1441.jpg,0
3/x595_y1107.jpg,0
3/x596_y1174.jpg,0
3/x600_y1183.jpg,0
3/x600_y1446.jpg,0
3/x601_y1228.jpg,0
3/x602_y1215.jpg,0
3/x602_y1292.jpg,0
3/x603_y1461.jpg,0
3/x606_y1154.jpg,0
3/x606_y1304.jpg,0
3/x608_y1128.jpg,0
3/x608_y1201.jpg,0
3/x608_y1473.jpg,0
3/x609_y1237.jpg,0
3/x610_y1113.jpg,0
3/x610_y1191.jpg,0
3/x611_y1326.jpg,0
3/x613_y1100.jpg,0
3/x613_y1506.jpg,0
3/x614_y1246.jpg,0
3/x615_y1474.jpg,0
3/x617_y1141.jpg,0
3/x618_y1166.jpg,0
3/x619_y1373.jpg,0
3/x622_y1333.jpg,0
3/x622_y1513.jpg,0
3/x624_y1181.jpg,0
3/x624_y1528.jpg,0
3/x628_y1112.jpg,0
3/x628_y1205.jpg,0
3/x629_y1292.jpg,0
3/x630_y1161.jpg,0
3/x632_y1193.jpg,0
3/x633_y1101.jpg,0
3/x633_y1215.jpg,0
3/x633_y1264.jpg,0
3/x633_y1301.jpg,0
3/x633_y1637.jpg,0
3/x636_y1122.jpg,0
3/x636_y1380.jpg,0
3/x640_y1309.jpg,0
3/x640_y1333.jpg,0
3/x641_y1137.jpg,0
3/x641_y1201.jpg,0
3/x642_y1236.jpg,0
3/x642_y1320.jpg,0
3/x643_y1224.jpg,0
3/x644_y1272.jpg,0
3/x644_y1356.jpg,0
3/x644_y1767.jpg,0
3/x645_y1188.jpg,0
3/x646_y1178.jpg,0
3/x648_y1255.jpg,0
3/x648_y1293.jpg,0
3/x648_y1713.jpg,0
3/x649_y1210.jpg,0
3/x651_y1245.jpg,0
3/x651_y1281.jpg,0
3/x653_y1165.jpg,0
3/x654_y1100.jpg,0
3/x654_y1232.jpg,0
3/x655_y1337.jpg,0
3/x655_y1533.jpg,0
3/x656_y1196.jpg,0
3/x659_y1154.jpg,0
3/x659_y1184.jpg,0
3/x659_y1219.jpg,0
3/x659_y1254.jpg,0
3/x659_y1290.jpg,0
3/x659_y1301.jpg,0
3/x662_y1322.jpg,0
3/x664_y1143.jpg,0
3/x665_y1206.jpg,0
3/x666_y1194.jpg,0
3/x666_y1229.jpg,0
3/x666_y1276.jpg,0
3/x669_y1217.jpg,0
3/x669_y1297.jpg,0
3/x669_y1345.jpg,0
3/x672_y1262.jpg,0
3/x672_y1742.jpg,0
3/x673_y1092.jpg,0
3/x673_y1251.jpg,0
3/x673_y1330.jpg,0
3/x676_y1171.jpg,0
3/x678_y1141.jpg,0
3/x678_y1273.jpg,0
3/x680_y1226.jpg,0
3/x681_y1114.jpg,0
3/x683_y1162.jpg,0
3/x683_y1294.jpg,0
3/x685_y1180.jpg,0
3/x685_y1213.jpg,0
3/x685_y1325.jpg,0
3/x687_y1314.jpg,0
3/x688_y1247.jpg,0
3/x688_y1364.jpg,0
3/x689_y1201.jpg,0
3/x691_y1098.jpg,0
3/x691_y1269.jpg,0
3/x691_y1302.jpg,0
3/x691_y1338.jpg,0
3/x691_y1350.jpg,0
3/x693_y1223.jpg,0
3/x696_y1126.jpg,0
3/x696_y1256.jpg,0
3/x696_y1290.jpg,0
3/x697_y1324.jpg,0
3/x698_y1177.jpg,0
3/x698_y1211.jpg,0
3/x698_y1245.jpg,0
3/x699_y1277.jpg,0
3/x700_y1147.jpg,0
3/x702_y1199.jpg,0
3/x702_y1233.jpg,0
3/x703_y1265.jpg,0
3/x704_y1300.jpg,0
3/x705_y1372.jpg,0
3/x706_y1093.jpg,0
3/x706_y1187.jpg,0
3/x707_y1221.jpg,0
3/x707_y1254.jpg,0
3/x707_y1423.jpg,0
3/x708_y1287.jpg,0
3/x710_y1209.jpg,0
3/x711_y1243.jpg,0
3/x711_y1310.jpg,0
3/x711_y1322.jpg,0
3/x712_y1275.jpg,0
3/x712_y1357.jpg,0
3/x713_y1137.jpg,0
3/x715_y1264.jpg,0
3/x716_y1120.jpg,0
3/x716_y1198.jpg,0
3/x717_y1230.jpg,0
3/x719_y1186.jpg,0
3/x720_y1285.jpg,0
3/x722_y1252.jpg,0
3/x722_y1317.jpg,0
3/x723_y1331.jpg,0
3/x724_y1084.jpg,0
3/x724_y1109.jpg,0
3/x724_y1273.jpg,0
3/x725_y1156.jpg,0
3/x725_y1241.jpg,0
3/x726_y1397.jpg,0
3/x727_y1045.jpg,0
3/x728_y1096.jpg,0
3/x729_y1230.jpg,0
3/x729_y1262.jpg,0
3/x729_y1354.jpg,0
3/x730_y1306.jpg,0
3/x731_y1145.jpg,0
3/x731_y1164.jpg,0
3/x731_y1621.jpg,0
3/x732_y1218.jpg,0
3/x733_y1252.jpg,0
3/x734_y1283.jpg,0
3/x735_y1185.jpg,0
3/x736_y1317.jpg,0
3/x737_y1130.jpg,0
3/x737_y1239.jpg,0
3/x738_y1272.jpg,0
3/x741_y1115.jpg,0
3/x742_y1171.jpg,0
3/x742_y1195.jpg,0
3/x743_y1041.jpg,0
3/x744_y1228.jpg,0
3/x746_y1216.jpg,0
3/x746_y1316.jpg,0
3/x748_y1017.jpg,0
3/x748_y1089.jpg,0
3/x748_y1107.jpg,0
3/x749_y1237.jpg,0
3/x750_y1676.jpg,0
3/x752_y1269.jpg,0
3/x752_y1304.jpg,0
3/x754_y1143.jpg,0
3/x756_y1067.jpg,0
3/x756_y1292.jpg,0
3/x758_y1215.jpg,0
3/x758_y1327.jpg,0
3/x759_y1258.jpg,0
3/x759_y1280.jpg,0
3/x761_y1314.jpg,0
3/x761_y1350.jpg,0
3/x764_y1203.jpg,0
3/x765_y1092.jpg,0
3/x765_y1337.jpg,0
3/x770_y1039.jpg,0
3/x775_y1348.jpg,0
3/x776_y1202.jpg,0
3/x776_y1267.jpg,0
3/x777_y1064.jpg,0
3/x777_y1300.jpg,0
3/x777_y1424.jpg,0
3/x780_y1361.jpg,0
3/x781_y1324.jpg,0
3/x783_y1347.jpg,0
3/x784_y1277.jpg,0
3/x786_y1299.jpg,0
3/x786_y1311.jpg,0
3/x786_y1466.jpg,0
3/x786_y1552.jpg,0
3/x789_y1202.jpg,0
3/x789_y1498.jpg,0
3/x793_y1136.jpg,0
3/x793_y1223.jpg,0
3/x794_y1392.jpg,0
3/x797_y1309.jpg,0
3/x800_y1296.jpg,0
3/x803_y1253.jpg,0
3/x803_y1478.jpg,0
3/x805_y1000.jpg,0
3/x808_y1132.jpg,0
3/x808_y1148.jpg,0
3/x809_y1172.jpg,0
3/x809_y1355.jpg,0
3/x812_y1294.jpg,0
3/x814_y1339.jpg,0
3/x821_y1092.jpg,0
3/x821_y1182.jpg,0
3/x823_y1231.jpg,0
3/x823_y1490.jpg,0
3/x825_y1000.jpg,0
3/x825_y1171.jpg,0
3/x827_y1814.jpg,0
3/x829_y1136.jpg,0
3/x830_y1079.jpg,0
3/x830_y1312.jpg,0
3/x831_y1156.jpg,0
3/x832_y1034.jpg,0
3/x836_y1230.jpg,0
3/x839_y1020.jpg,0
3/x839_y1156.jpg,0
3/x839_y1191.jpg,0
3/x839_y1535.jpg,0
3/x842_y1130.jpg,0
3/x843_y1116.jpg,0
3/x843_y1819.jpg,0
3/x844_y1081.jpg,0
3/x845_y1780.jpg,0
3/x846_y1570.jpg,0
3/x847_y1250.jpg,0
3/x848_y1125.jpg,0
3/x849_y1171.jpg,0
3/x850_y1191.jpg,0
3/x850_y1458.jpg,0
3/x853_y1137.jpg,0
3/x853_y1264.jpg,0
3/x853_y993.jpg,0
3/x854_y1116.jpg,0
3/x855_y1053.jpg,0
3/x857_y1007.jpg,0
3/x857_y1038.jpg,0
3/x857_y1078.jpg,0
3/x857_y1523.jpg,0
3/x857_y1693.jpg,0
3/x859_y1391.jpg,0
3/x860_y1497.jpg,0
3/x861_y1225.jpg,0
3/x861_y1248.jpg,0
3/x861_y1444.jpg,0
3/x862_y1237.jpg,0
3/x862_y1541.jpg,0
3/x863_y521.jpg,0
3/x866_y1148.jpg,0
3/x868_y1100.jpg,0
3/x869_y963.jpg,0
3/x870_y1169.jpg,0
3/x873_y1245.jpg,0
3/x873_y1499.jpg,0
3/x873_y289.jpg,0
3/x876_y1159.jpg,0
3/x877_y1078.jpg,0
3/x878_y1096.jpg,0
3/x881_y1150.jpg,0
3/x881_y1195.jpg,0
3/x881_y1220.jpg,0
3/x881_y1293.jpg,0
3/x883_y414.jpg,0
3/x884_y958.jpg,0
3/x888_y1593.jpg,0
3/x890_y1114.jpg,0
3/x890_y992.jpg,0
3/x892_y1040.jpg,0
3/x892_y1087.jpg,0
3/x893_y1675.jpg,0
3/x894_y1167.jpg,0
3/x894_y1288.jpg,0
3/x896_y1145.jpg,0
3/x897_y1108.jpg,0
3/x898_y367.jpg,0
3/x899_y1181.jpg,0
3/x899_y1855.jpg,0
3/x900_y1093.jpg,0
3/x900_y1158.jpg,0
3/x900_y1273.jpg,0
3/x905_y1032.jpg,0
3/x907_y1261.jpg,0
3/x913_y1047.jpg,0
3/x915_y1073.jpg,0
3/x915_y1279.jpg,0
3/x919_y1850.jpg,0
3/x925_y1115.jpg,0
3/x928_y280.jpg,0
3/x932_y1075.jpg,0
3/x933_y948.jpg,0
3/x934_y1353.jpg,0
3/x934_y1370.jpg,0
3/x940_y1385.jpg,0
3/x943_y1241.jpg,0
3/x944_y1651.jpg,0
3/x945_y1102.jpg,0
3/x945_y1146.jpg,0
3/x947_y1172.jpg,0
3/x948_y1057.jpg,0
3/x948_y1362.jpg,0
3/x952_y938.jpg,0
3/x959_y1141.jpg,0
3/x959_y1629.jpg,0
3/x961_y1170.jpg,0
3/x962_y981.jpg,0
3/x966_y1001.jpg,0
3/x966_y1197.jpg,0
3/x970_y1369.jpg,0
3/x973_y1114.jpg,0
3/x973_y1533.jpg,0
3/x974_y1485.jpg,0
3/x978_y1461.jpg,0
3/x979_y1031.jpg,0
3/x979_y1361.jpg,0
3/x987_y1062.jpg,0
3/x994_y1088.jpg,0
3/x995_y1533.jpg,0
3/x996_y1683.jpg,0
3/x997_y1418.jpg,0
4/x1002_y1473.jpg,0
4/x1002_y1697.jpg,0
4/x1003_y1524.jpg,0
4/x1006_y1543.jpg,0
4/x1006_y1632.jpg,0
4/x1017_y1817.jpg,0
4/x1024_y788.jpg,0
4/x1026_y768.jpg,0
4/x1032_y1632.jpg,0
4/x1033_y1650.jpg,0
4/x1034_y1671.jpg,0
4/x1043_y777.jpg,0
4/x1055_y653.jpg,1
4/x1056_y804.jpg,0
4/x1057_y784.jpg,0
4/x1059_y1043.jpg,1
4/x1059_y1819.jpg,0
4/x1061_y1784.jpg,0
4/x1061_y1897.jpg,0
4/x1064_y1803.jpg,0
4/x1071_y993.jpg,0
4/x1089_y794.jpg,0
4/x1089_y804.jpg,0
4/x108_y331.jpg,0
4/x1093_y1686.jpg,0
4/x1100_y1631.jpg,0
4/x1101_y816.jpg,0
4/x1102_y1713.jpg,0
4/x1111_y1866.jpg,0
4/x1129_y615.jpg,0
4/x113_y212.jpg,0
4/x1151_y826.jpg,0
4/x1156_y1669.jpg,0
4/x1159_y887.jpg,0
4/x1163_y619.jpg,0
4/x116_y365.jpg,0
4/x1173_y1640.jpg,0
4/x1180_y820.jpg,0
4/x1197_y1815.jpg,0
4/x1199_y1138.jpg,0
4/x1206_y1314.jpg,0
4/x1216_y823.jpg,0
4/x1225_y905.jpg,0
4/x124_y272.jpg,0
4/x1262_y1224.jpg,0
4/x1294_y1325.jpg,0
4/x1307_y1193.jpg,0
4/x1329_y1046.jpg,0
4/x1336_y1798.jpg,0
4/x1361_y1822.jpg,0
4/x1376_y1409.jpg,0
4/x137_y171.jpg,0
4/x1407_y1768.jpg,0
4/x1411_y527.jpg,0
4/x1440_y1771.jpg,0
4/x1442_y1179.jpg,0
4/x1447_y1780.jpg,0
4/x1461_y915.jpg,0
4/x1470_y220.jpg,0
4/x1482_y282.jpg,0
4/x1484_y1719.jpg,0
4/x1485_y1833.jpg,0
4/x1487_y1849.jpg,0
4/x1499_y514.jpg,0
4/x1511_y1715.jpg,0
4/x1520_y809.jpg,0
4/x1523_y890.jpg,0
4/x1531_y1296.jpg,0
4/x1532_y294.jpg,0
4/x1555_y1602.jpg,0
4/x1589_y1602.jpg,0
4/x1594_y1691.jpg,0
4/x1595_y1542.jpg,0
4/x1595_y881.jpg,0
4/x1599_y787.jpg,0
4/x1607_y799.jpg,0
4/x1632_y1842.jpg,0
4/x1633_y359.jpg,0
4/x1644_y1555.jpg,0
4/x1650_y1434.jpg,0
4/x1662_y1593.jpg,0
4/x1663_y1849.jpg,0
4/x1665_y1539.jpg,0
4/x1670_y1756.jpg,0
4/x1700_y1742.jpg,0
4/x1704_y1120.jpg,0
4/x1704_y1379.jpg,0
4/x1715_y1272.jpg,0
4/x1715_y1326.jpg,0
4/x1717_y1451.jpg,0
4/x1721_y1652.jpg,0
4/x1728_y1206.jpg,0
4/x1728_y1583.jpg,0
4/x1728_y925.jpg,0
4/x1735_y1705.jpg,0
4/x1742_y122.jpg,0
4/x1761_y1589.jpg,0
4/x1773_y798.jpg,0
4/x1784_y1638.jpg,0
4/x1790_y1433.jpg,0
4/x1800_y1102.jpg,0
4/x1813_y944.jpg,0
4/x1816_y1232.jpg,0
4/x1818_y1302.jpg,0
4/x1828_y805.jpg,0
4/x182_y159.jpg,0
4/x1832_y1411.jpg,0
4/x1835_y1314.jpg,0
4/x1839_y718.jpg,0
4/x1864_y1325.jpg,0
4/x1868_y675.jpg,0
4/x1873_y661.jpg,0
4/x1884_y1891.jpg,0
4/x1885_y334.jpg,0
4/x1913_y331.jpg,0
4/x1925_y1410.jpg,0
4/x1929_y1379.jpg,0
4/x1930_y716.jpg,0
4/x1933_y760.jpg,0
4/x1943_y1760.jpg,0
4/x1955_y754.jpg,0
4/x1959_y630.jpg,0
4/x1963_y336.jpg,0
4/x1964_y455.jpg,0
4/x1983_y282.jpg,0
4/x1984_y810.jpg,0
4/x1996_y1371.jpg,0
4/x1999_y1298.jpg,0
4/x2002_y450.jpg,0
4/x200_y199.jpg,0
4/x2019_y353.jpg,0
4/x201_y273.jpg,0
4/x2056_y330.jpg,0
4/x2080_y1310.jpg,0
4/x2080_y1333.jpg,0
4/x2108_y547.jpg,0
4/x2149_y341.jpg,0
4/x214_y118.jpg,0
4/x2150_y1447.jpg,0
4/x2155_y1067.jpg,0
4/x2162_y1038.jpg,0
4/x2168_y1656.jpg,0
4/x2170_y1597.jpg,0
4/x2171_y813.jpg,0
4/x2172_y1541.jpg,0
4/x2172_y996.jpg,0
4/x2185_y1430.jpg,0
4/x218_y260.jpg,0
4/x2195_y1586.jpg,0
4/x2206_y659.jpg,0
4/x2218_y1664.jpg,0
4/x221_y163.jpg,0
4/x2222_y786.jpg,0
4/x2228_y1346.jpg,0
4/x2243_y1330.jpg,0
4/x2251_y698.jpg,0
4/x2260_y1269.jpg,0
4/x2277_y1852.jpg,0
4/x2290_y1396.jpg,0
4/x2301_y1287.jpg,0
4/x2315_y1302.jpg,0
4/x2323_y1483.jpg,0
4/x2331_y673.jpg,0
4/x2348_y1762.jpg,0
4/x234_y646.jpg,0
4/x2352_y1552.jpg,0
4/x2358_y962.jpg,0
4/x2378_y1681.jpg,0
4/x2382_y654.jpg,0
4/x2385_y1458.jpg,0
4/x2399_y1639.jpg,0
4/x2399_y709.jpg,0
4/x2401_y1280.jpg,0
4/x240_y158.jpg,0
4/x2474_y704.jpg,0
4/x2488_y1801.jpg,0
4/x2503_y725.jpg,0
4/x2506_y1785.jpg,0
4/x2539_y740.jpg,0
4/x2547_y881.jpg,0
4/x280_y264.jpg,0
4/x281_y902.jpg,0
4/x306_y117.jpg,0
4/x347_y261.jpg,0
4/x348_y801.jpg,0
4/x391_y823.jpg,0
4/x425_y1013.jpg,0
4/x428_y890.jpg,0
4/x429_y650.jpg,0
4/x456_y613.jpg,0
4/x457_y857.jpg,0
4/x464_y890.jpg,0
4/x468_y919.jpg,0
4/x469_y1024.jpg,0
4/x475_y950.jpg,0
4/x508_y1641.jpg,0
4/x510_y1586.jpg,0
4/x524_y814.jpg,0
4/x527_y1628.jpg,0
4/x528_y1688.jpg,0
4/x529_y1637.jpg,0
4/x52_y807.jpg,0
4/x533_y1465.jpg,0
4/x545_y1756.jpg,0
4/x546_y954.jpg,0
4/x552_y1859.jpg,0
4/x553_y1799.jpg,0
4/x583_y1649.jpg,0
4/x585_y1376.jpg,0
4/x596_y1520.jpg,0
4/x597_y1478.jpg,0
4/x602_y1705.jpg,0
4/x605_y1595.jpg,0
4/x606_y1468.jpg,0
4/x630_y1787.jpg,0
4/x638_y1351.jpg,0
4/x642_y1476.jpg,0
4/x654_y1563.jpg,0
4/x655_y1658.jpg,0
4/x663_y1599.jpg,0
4/x667_y1291.jpg,0
4/x667_y1379.jpg,0
4/x66_y133.jpg,0
4/x673_y1839.jpg,0
4/x681_y1754.jpg,0
4/x69_y128.jpg,0
4/x712_y1381.jpg,0
4/x719_y1892.jpg,0
4/x737_y1315.jpg,0
4/x740_y1512.jpg,0
4/x742_y1270.jpg,0
4/x744_y1568.jpg,0
4/x746_y1867.jpg,0
4/x748_y1386.jpg,0
4/x750_y1346.jpg,0
4/x750_y1480.jpg,0
4/x751_y1608.jpg,0
4/x753_y1364.jpg,0
4/x761_y1642.jpg,0
4/x762_y1666.jpg,0
4/x769_y1304.jpg,0
4/x770_y1762.jpg,0
4/x781_y1830.jpg,0
4/x784_y1296.jpg,0
4/x785_y1879.jpg,0
4/x788_y1364.jpg,0
4/x791_y1916.jpg,0
4/x796_y110.jpg,0
4/x796_y1502.jpg,0
4/x800_y172.jpg,0
4/x802_y1668.jpg,0
4/x805_y1534.jpg,0
4/x813_y1397.jpg,0
4/x813_y1610.jpg,0
4/x827_y1358.jpg,0
4/x831_y1772.jpg,0
4/x834_y1875.jpg,0
4/x839_y1816.jpg,0
4/x857_y1316.jpg,0
4/x859_y1278.jpg,0
4/x869_y1509.jpg,0
4/x874_y837.jpg,0
4/x877_y1408.jpg,0
4/x880_y1518.jpg,0
4/x881_y1746.jpg,0
4/x882_y1269.jpg,0
4/x883_y1372.jpg,0
4/x884_y1816.jpg,0
4/x891_y1344.jpg,0
4/x891_y1617.jpg,0
4/x899_y1366.jpg,0
4/x904_y967.jpg,0
4/x908_y1657.jpg,0
4/x916_y1260.jpg,0
4/x917_y1515.jpg,0
4/x917_y1867.jpg,0
4/x918_y1889.jpg,0
4/x921_y1561.jpg,0
4/x924_y1371.jpg,0
4/x925_y1455.jpg,0
4/x926_y1404.jpg,0
4/x928_y1653.jpg,0
4/x934_y1680.jpg,0
4/x936_y1341.jpg,0
4/x947_y90.jpg,0
4/x950_y1002.jpg,0
4/x955_y1301.jpg,0
4/x959_y1773.jpg,0
4/x965_y1889.jpg,0
4/x972_y568.jpg,0
4/x987_y1331.jpg,0
4/x990_y1313.jpg,0
4/x990_y1364.jpg,0
4/x995_y1232.jpg,0
4/x995_y719.jpg,1
4/x998_y1678.jpg,0
5/x1036_y724.jpg,0
5/x1044_y1353.jpg,0
5/x1048_y934.jpg,0
5/x1057_y831.jpg,0
5/x1072_y630.jpg,0
5/x1073_y1044.jpg,0
5/x1074_y30.jpg,0
5/x1096_y1697.jpg,0
5/x1097_y1221.jpg,0
5/x1104_y1053.jpg,0
5/x112_y157.jpg,0
5/x1138_y1445.jpg,0
5/x1155_y1407.jpg,0
5/x1159_y863.jpg,0
5/x115_y614.jpg,0
5/x1191_y903.jpg,0
5/x1201_y908.jpg,0
5/x1225_y1253.jpg,0
5/x1251_y923.jpg,0
5/x1255_y857.jpg,0
5/x1285_y891.jpg,0
5/x1298_y1109.jpg,0
5/x1303_y412.jpg,0
5/x1315_y929.jpg,0
5/x132_y639.jpg,0
5/x1330_y1249.jpg,0
5/x1341_y370.jpg,0
5/x1362_y407.jpg,0
5/x1364_y1148.jpg,0
5/x1388_y1651.jpg,0
5/x1392_y1574.jpg,0
5/x1394_y1205.jpg,0
5/x1409_y1359.jpg,0
5/x1475_y1206.jpg,0
5/x1492_y1144.jpg,0
5/x1521_y645.jpg,0
5/x1563_y907.jpg,0
5/x1577_y828.jpg,0
5/x1588_y827.jpg,0
5/x158_y1458.jpg,0
5/x1607_y469.jpg,0
5/x1619_y876.jpg,0
5/x1629_y436.jpg,0
5/x1709_y574.jpg,0
5/x1718_y734.jpg,0
5/x173_y130.jpg,0
5/x185_y32.jpg,0
5/x1898_y815.jpg,0
5/x190_y191.jpg,0
5/x190_y94.jpg,0
5/x1921_y673.jpg,0
5/x1936_y580.jpg,0
5/x1957_y1326.jpg,0
5/x1968_y514.jpg,0
5/x1970_y536.jpg,0
5/x1985_y373.jpg,0
5/x1996_y180.jpg,0
5/x2028_y176.jpg,0
5/x2028_y581.jpg,0
5/x2031_y626.jpg,0
5/x2040_y1355.jpg,0
5/x204_y937.jpg,0
5/x2053_y621.jpg,0
5/x2064_y491.jpg,0
5/x2071_y337.jpg,0
5/x2080_y182.jpg,0
5/x2081_y679.jpg,0
5/x2111_y192.jpg,0
5/x2116_y854.jpg,0
5/x2117_y300.jpg,0
5/x2137_y200.jpg,0
5/x2157_y1357.jpg,0
5/x2185_y177.jpg,0
5/x2186_y1832.jpg,0
5/x2188_y1183.jpg,0
5/x2200_y1139.jpg,0
5/x2212_y444.jpg,0
5/x2244_y1355.jpg,0
5/x2247_y1392.jpg,0
5/x2250_y1789.jpg,0
5/x2254_y1226.jpg,0
5/x2254_y850.jpg,0
5/x2256_y892.jpg,0
5/x2267_y990.jpg,0
5/x2269_y195.jpg,0
5/x2270_y1190.jpg,0
5/x2272_y974.jpg,0
5/x2274_y685.jpg,0
5/x2283_y937.jpg,0
5/x2292_y670.jpg,0
5/x2293_y1144.jpg,0
5/x2322_y666.jpg,0
5/x2324_y1682.jpg,0
5/x2336_y1354.jpg,0
5/x2337_y1168.jpg,0
5/x2343_y546.jpg,0
5/x2348_y1293.jpg,0
5/x2369_y1626.jpg,0
5/x2391_y1346.jpg,0
5/x2395_y1567.jpg,0
5/x2426_y1573.jpg,0
5/x2439_y1538.jpg,0
5/x2440_y545.jpg,0
5/x2489_y1766.jpg,0
5/x2500_y1163.jpg,0
5/x2507_y1328.jpg,0
5/x2507_y584.jpg,0
5/x2513_y1179.jpg,0
5/x2513_y1721.jpg,0
5/x2526_y545.jpg,0
5/x2535_y1880.jpg,0
5/x2539_y1806.jpg,0
5/x2541_y1726.jpg,0
5/x2550_y1694.jpg,0
5/x2550_y1812.jpg,0
5/x274_y96.jpg,0
5/x28_y868.jpg,0
5/x307_y58.jpg,0
5/x309_y482.jpg,0
5/x309_y80.jpg,0
5/x30_y1158.jpg,0
5/x363_y89.jpg,0
5/x399_y1864.jpg,0
5/x421_y83.jpg,0
5/x452_y640.jpg,0
5/x45_y1556.jpg,0
5/x476_y652.jpg,0
5/x500_y853.jpg,0
5/x503_y488.jpg,0
5/x506_y731.jpg,0
5/x529_y699.jpg,0
5/x537_y674.jpg,0
5/x540_y861.jpg,0
5/x542_y732.jpg,0
5/x546_y761.jpg,0
5/x553_y793.jpg,0
5/x57_y647.jpg,0
5/x57_y83.jpg,0
5/x58_y1250.jpg,0
5/x597_y655.jpg,0
5/x612_y796.jpg,0
5/x67_y121.jpg,0
5/x741_y1335.jpg,0
5/x77_y158.jpg,0
5/x85_y1282.jpg,0
5/x863_y1253.jpg,0
5/x86_y194.jpg,0
5/x888_y31.jpg,0
5/x944_y1280.jpg,0
5/x97_y1341.jpg,0
5/x997_y1277.jpg,0
6/x1000_y1195.jpg,0
6/x1000_y1361.jpg,0
6/x1000_y1431.jpg,0
6/x1001_y1212.jpg,0
6/x1001_y1316.jpg,0
6/x1002_y1132.jpg,0
6/x1002_y1395.jpg,0
6/x1003_y1240.jpg,0
6/x1004_y1261.jpg,0
6/x1004_y1327.jpg,0
6/x1005_y1374.jpg,0
6/x1006_y1412.jpg,0
6/x1006_y1428.jpg,0
6/x1007_y1282.jpg,0
6/x1007_y1340.jpg,0
6/x1008_y1114.jpg,0
6/x1009_y1156.jpg,0
6/x1009_y1296.jpg,0
6/x1010_y1173.jpg,0
6/x1011_y1193.jpg,0
6/x1011_y1307.jpg,0
6/x1011_y1352.jpg,0
6/x1011_y1387.jpg,0
6/x1012_y1208.jpg,0
6/x1013_y1224.jpg,0
6/x1013_y1318.jpg,0
6/x1014_y1245.jpg,0
6/x1015_y1403.jpg,0
6/x1015_y1423.jpg,0
6/x1016_y1365.jpg,0
6/x1017_y1107.jpg,0
6/x1017_y1269.jpg,0
6/x1017_y1331.jpg,0
6/x1019_y1128.jpg,0
6/x1019_y1436.jpg,0
6/x1020_y1287.jpg,0
6/x1021_y1146.jpg,0
6/x1022_y1154.jpg,0
6/x1022_y1298.jpg,0
6/x1022_y1343.jpg,0
6/x1022_y1379.jpg,0
6/x1022_y1416.jpg,0
6/x1023_y1196.jpg,0
6/x1023_y1229.jpg,0
6/x1024_y1208.jpg,0
6/x1025_y1311.jpg,0
6/x1028_y1247.jpg,0
6/x1028_y1357.jpg,0
6/x1028_y1392.jpg,0
6/x1029_y1261.jpg,0
6/x1029_y1429.jpg,0
6/x1029_y156.jpg,0
6/x1030_y1107.jpg,0
6/x1030_y1271.jpg,0
6/x1030_y1324.jpg,0
6/x1033_y1123.jpg,0
6/x1034_y1142.jpg,0
6/x1034_y1370.jpg,0
6/x1035_y1156.jpg,0
6/x1035_y1184.jpg,0
6/x1035_y1405.jpg,0
6/x1037_y1201.jpg,0
6/x1038_y842.jpg,0
6/x1039_y1222.jpg,0
6/x103_y87.jpg,0
6/x1040_y1099.jpg,0
6/x1040_y1240.jpg,0
6/x1040_y1251.jpg,0
6/x1041_y1384.jpg,0
6/x1042_y1114.jpg,0
6/x1042_y1439.jpg,0
6/x1043_y1419.jpg,0
6/x1044_y1130.jpg,0
6/x1047_y1165.jpg,0
6/x1048_y1181.jpg,0
6/x1050_y1197.jpg,0
6/x1050_y1231.jpg,0
6/x1050_y1396.jpg,0
6/x1051_y1208.jpg,0
6/x1051_y1219.jpg,0
6/x1051_y1432.jpg,0
6/x1053_y1088.jpg,0
6/x1053_y1111.jpg,0
6/x1055_y1411.jpg,0
6/x1059_y1153.jpg,0
6/x1060_y1095.jpg,0
6/x1060_y1167.jpg,0
6/x1061_y1173.jpg,0
6/x1062_y1187.jpg,0
6/x1062_y1198.jpg,0
6/x1064_y1106.jpg,0
6/x1064_y1423.jpg,0
6/x1066_y1079.jpg,0
6/x1068_y1130.jpg,0
6/x1071_y1142.jpg,0
6/x1071_y1437.jpg,0
6/x1072_y1157.jpg,0
6/x1072_y1168.jpg,0
6/x1072_y1179.jpg,0
6/x1073_y1089.jpg,0
6/x1073_y1100.jpg,0
6/x1078_y624.jpg,0
6/x1080_y1075.jpg,0
6/x1080_y1086.jpg,0
6/x1080_y1431.jpg,0
6/x1081_y1125.jpg,0
6/x1082_y1149.jpg,0
6/x1083_y1136.jpg,0
6/x1090_y1113.jpg,0
6/x1091_y1079.jpg,0
6/x1091_y1130.jpg,0
6/x1098_y1100.jpg,0
6/x1099_y1112.jpg,0
6/x1104_y531.jpg,0
6/x1112_y912.jpg,0
6/x1140_y1641.jpg,0
6/x1163_y122.jpg,0
6/x1173_y1660.jpg,0
6/x1178_y522.jpg,0
6/x1192_y713.jpg,0
6/x1199_y724.jpg,0
6/x120_y54.jpg,0
6/x1231_y715.jpg,0
6/x1239_y831.jpg,0
6/x1269_y35.jpg,0
6/x127_y92.jpg,0
6/x1294_y844.jpg,0
6/x1302_y718.jpg,0
6/x1345_y109.jpg,0
6/x1355_y1067.jpg,0
6/x1358_y843.jpg,0
6/x1384_y1813.jpg,0
6/x1394_y1846.jpg,0
6/x1396_y1882.jpg,0
6/x1434_y1114.jpg,0
6/x1434_y988.jpg,1
6/x1474_y1217.jpg,0
6/x1485_y79.jpg,0
6/x1488_y1292.jpg,0
6/x155_y53.jpg,0
6/x1564_y1107.jpg,0
6/x1572_y841.jpg,0
6/x1576_y1034.jpg,0
6/x162_y874.jpg,0
6/x1633_y1216.jpg,0
6/x1639_y815.jpg,0
6/x1643_y706.jpg,0
6/x164_y90.jpg,0
6/x1684_y813.jpg,0
6/x1700_y578.jpg,1
6/x1707_y694.jpg,0
6/x1717_y694.jpg,0
6/x1764_y1019.jpg,1
6/x1764_y1073.jpg,1
6/x1811_y1869.jpg,0
6/x1818_y355.jpg,0
6/x183_y475.jpg,0
6/x1844_y753.jpg,0
6/x1868_y1845.jpg,0
6/x1881_y1167.jpg,0
6/x1893_y1026.jpg,0
6/x1910_y886.jpg,0
6/x191_y52.jpg,0
6/x1920_y799.jpg,0
6/x192_y223.jpg,0
6/x1953_y743.jpg,0
6/x1967_y418.jpg,0
6/x196_y89.jpg,0
6/x1994_y416.jpg,0
6/x2014_y798.jpg,0
6/x203_y284.jpg,0
6/x2044_y712.jpg,0
6/x2050_y561.jpg,0
6/x205_y1181.jpg,0
6/x2070_y893.jpg,0
6/x2072_y608.jpg,0
6/x2095_y528.jpg,0
6/x2119_y427.jpg,0
6/x2151_y413.jpg,0
6/x2190_y1493.jpg,0
6/x2205_y812.jpg,0
6/x2207_y1396.jpg,0
6/x2217_y1353.jpg,0
6/x2250_y1064.jpg,0
6/x2256_y1099.jpg,0
6/x2258_y896.jpg,0
6/x2274_y1210.jpg,0
6/x2285_y1181.jpg,0
6/x2289_y1146.jpg,0
6/x2289_y1384.jpg,0
6/x229_y111.jpg,0
6/x2303_y1090.jpg,0
6/x2309_y1355.jpg,0
6/x2313_y874.jpg,0
6/x231_y59.jpg,0
6/x2320_y758.jpg,0
6/x2321_y1655.jpg,0
6/x2358_y1863.jpg,0
6/x235_y301.jpg,0
6/x235_y357.jpg,0
6/x2363_y1691.jpg,0
6/x2370_y1739.jpg,0
6/x2388_y1831.jpg,0
6/x2410_y1472.jpg,0
6/x2410_y1634.jpg,0
6/x2425_y757.jpg,0
6/x2439_y1638.jpg,0
6/x2449_y1163.jpg,0
6/x2453_y1568.jpg,0
6/x2475_y739.jpg,0
6/x2491_y794.jpg,0
6/x2508_y756.jpg,0
6/x2539_y774.jpg,0
6/x258_y262.jpg,0
6/x262_y50.jpg,0
6/x274_y482.jpg,0
6/x281_y515.jpg,0
6/x296_y49.jpg,0
6/x29_y999.jpg,0
6/x300_y251.jpg,0
6/x30_y133.jpg,0
6/x311_y113.jpg,0
6/x318_y290.jpg,0
6/x318_y360.jpg,0
6/x319_y243.jpg,0
6/x332_y48.jpg,0
6/x340_y255.jpg,0
6/x342_y720.jpg,0
6/x352_y325.jpg,0
6/x353_y967.jpg,0
6/x367_y258.jpg,0
6/x369_y46.jpg,0
6/x399_y352.jpg,0
6/x39_y1029.jpg,0
6/x400_y102.jpg,0
6/x412_y61.jpg,0
6/x423_y211.jpg,0
6/x439_y44.jpg,0
6/x442_y106.jpg,0
6/x470_y887.jpg,0
6/x473_y44.jpg,0
6/x482_y81.jpg,0
6/x485_y121.jpg,0
6/x514_y1079.jpg,0
6/x51_y57.jpg,0
6/x522_y960.jpg,0
6/x534_y720.jpg,0
6/x534_y873.jpg,0
6/x551_y881.jpg,0
6/x552_y927.jpg,0
6/x553_y695.jpg,0
6/x557_y1091.jpg,0
6/x557_y959.jpg,0
6/x561_y988.jpg,0
6/x565_y1019.jpg,0
6/x56_y892.jpg,0
6/x57_y95.jpg,0
6/x600_y1871.jpg,0
6/x612_y881.jpg,0
6/x635_y1023.jpg,0
6/x658_y1565.jpg,0
6/x65_y133.jpg,0
6/x692_y1610.jpg,0
6/x72_y170.jpg,0
6/x80_y207.jpg,0
6/x835_y189.jpg,0
6/x86_y883.jpg,0
6/x876_y1332.jpg,0
6/x878_y1267.jpg,0
6/x881_y1343.jpg,0
6/x885_y1363.jpg,0
6/x887_y1320.jpg,0
6/x889_y1334.jpg,0
6/x88_y244.jpg,0
6/x893_y203.jpg,0
6/x894_y1701.jpg,0
6/x896_y1240.jpg,0
6/x896_y1344.jpg,0
6/x896_y268.jpg,0
6/x899_y1321.jpg,0
6/x902_y1336.jpg,0
6/x904_y1356.jpg,0
6/x906_y1379.jpg,0
6/x907_y1233.jpg,0
6/x911_y1313.jpg,0
6/x911_y1327.jpg,0
6/x912_y1371.jpg,0
6/x913_y1228.jpg,0
6/x914_y1215.jpg,0
6/x915_y1338.jpg,0
6/x922_y1349.jpg,0
6/x924_y1299.jpg,0
6/x924_y1321.jpg,0
6/x924_y1324.jpg,0
6/x924_y1376.jpg,0
6/x925_y1208.jpg,0
6/x928_y1219.jpg,0
6/x928_y1341.jpg,0
6/x928_y1390.jpg,0
6/x929_y1229.jpg,0
6/x930_y1400.jpg,0
6/x931_y1241.jpg,0
6/x932_y1191.jpg,0
6/x933_y1354.jpg,0
6/x934_y1412.jpg,0
6/x936_y1201.jpg,0
6/x936_y1312.jpg,0
6/x937_y1286.jpg,0
6/x937_y1321.jpg,0
6/x937_y1383.jpg,0
6/x939_y1212.jpg,0
6/x939_y1332.jpg,0
6/x942_y1183.jpg,0
6/x942_y1226.jpg,0
6/x942_y1345.jpg,0
6/x944_y1395.jpg,0
6/x946_y1276.jpg,0
6/x946_y1360.jpg,0
6/x946_y1409.jpg,0
6/x947_y1195.jpg,0
6/x948_y1263.jpg,0
6/x948_y1297.jpg,0
6/x948_y1422.jpg,0
6/x949_y1313.jpg,0
6/x949_y1437.jpg,0
6/x950_y1206.jpg,0
6/x951_y1326.jpg,0
6/x952_y1218.jpg,0
6/x952_y1377.jpg,0
6/x953_y1337.jpg,0
6/x954_y1177.jpg,0
6/x956_y1400.jpg,0
6/x957_y1349.jpg,0
6/x958_y1189.jpg,0
6/x958_y1367.jpg,0
6/x959_y1251.jpg,0
6/x959_y1257.jpg,0
6/x959_y1272.jpg,0
6/x959_y1283.jpg,0
6/x960_y1159.jpg,0
6/x960_y1302.jpg,0
6/x961_y1200.jpg,0
6/x961_y1414.jpg,0
6/x962_y1318.jpg,0
6/x962_y1430.jpg,0
6/x963_y1383.jpg,0
6/x964_y1170.jpg,0
6/x965_y1329.jpg,0
6/x967_y1376.jpg,0
6/x968_y1182.jpg,0
6/x968_y1226.jpg,0
6/x968_y1341.jpg,0
6/x969_y1241.jpg,0
6/x970_y1153.jpg,0
6/x970_y1256.jpg,0
6/x970_y1269.jpg,0
6/x971_y1285.jpg,0
6/x972_y1353.jpg,0
6/x973_y1306.jpg,0
6/x974_y1413.jpg,0
6/x975_y1164.jpg,0
6/x976_y1366.jpg,0
6/x976_y1387.jpg,0
6/x977_y1321.jpg,0
6/x977_y1425.jpg,0
6/x978_y1384.jpg,0
6/x979_y1175.jpg,0
6/x979_y1220.jpg,0
6/x979_y1223.jpg,0
6/x979_y1231.jpg,0
6/x979_y1405.jpg,0
6/x980_y1196.jpg,0
6/x980_y1333.jpg,0
6/x981_y1147.jpg,0
6/x982_y1252.jpg,0
6/x983_y1281.jpg,0
6/x983_y1288.jpg,0
6/x983_y1345.jpg,0
6/x985_y1303.jpg,0
6/x986_y1157.jpg,0
6/x986_y1357.jpg,0
6/x987_y1131.jpg,0
6/x988_y1190.jpg,0
6/x988_y1314.jpg,0
6/x989_y1202.jpg,0
6/x990_y1208.jpg,0
6/x990_y1370.jpg,0
6/x990_y1412.jpg,0
6/x991_y1140.jpg,0
6/x991_y1228.jpg,0
6/x991_y1324.jpg,0
6/x992_y1240.jpg,0
6/x993_y1257.jpg,0
6/x994_y1167.jpg,0
6/x994_y1336.jpg,0
6/x994_y1385.jpg,0
6/x995_y1278.jpg,0
6/x995_y1422.jpg,0
6/x996_y1150.jpg,0
6/x996_y1175.jpg,0
6/x996_y1295.jpg,0
6/x997_y1348.jpg,0
6/x998_y1123.jpg,0
6/x998_y1305.jpg,0
7/x1003_y710.jpg,0
7/x1020_y1064.jpg,0
7/x1031_y1079.jpg,0
7/x1031_y797.jpg,0
7/x1035_y621.jpg,0
7/x1037_y745.jpg,0
7/x103_y1699.jpg,0
7/x1043_y793.jpg,0
7/x1058_y968.jpg,0
7/x1088_y1310.jpg,0
7/x1110_y1490.jpg,0
7/x1145_y1196.jpg,0
7/x1159_y1502.jpg,0
7/x1169_y1345.jpg,0
7/x1226_y1572.jpg,0
7/x1227_y1502.jpg,0
7/x1243_y1573.jpg,0
7/x1288_y1344.jpg,0
7/x1315_y461.jpg,0
7/x1320_y971.jpg,0
7/x1323_y1175.jpg,1
7/x1323_y445.jpg,0
7/x1337_y1221.jpg,0
7/x1341_y1220.jpg,0
7/x1350_y459.jpg,0
7/x1353_y1497.jpg,0
7/x1353_y435.jpg,0
7/x1356_y1097.jpg,0
7/x1377_y488.jpg,0
7/x1384_y484.jpg,0
7/x1397_y953.jpg,0
7/x139_y42.jpg,0
7/x1401_y964.jpg,0
7/x1413_y555.jpg,0
7/x1418_y949.jpg,0
7/x1428_y1091.jpg,0
7/x1436_y1088.jpg,0
7/x1440_y1057.jpg,0
7/x1450_y940.jpg,0
7/x1470_y1438.jpg,1
7/x1476_y947.jpg,0
7/x1480_y1219.jpg,0
7/x1493_y1136.jpg,1
7/x1507_y754.jpg,0
7/x1510_y957.jpg,0
7/x1531_y1284.jpg,1
7/x1590_y1826.jpg,0
7/x1593_y1403.jpg,0
7/x1604_y1607.jpg,0
7/x1614_y1663.jpg,0
7/x1626_y1336.jpg,0
7/x1673_y1807.jpg,0
7/x1714_y1720.jpg,0
7/x1736_y1210.jpg,0
7/x1736_y1445.jpg,0
7/x1744_y42.jpg,0
7/x1783_y1516.jpg,0
7/x1785_y1597.jpg,0
7/x1801_y751.jpg,0
7/x1828_y610.jpg,0
7/x1842_y1608.jpg,0
7/x1842_y518.jpg,0
7/x1852_y1656.jpg,0
7/x1872_y451.jpg,0
7/x1872_y472.jpg,0
7/x1895_y116.jpg,0
7/x1902_y1898.jpg,0
7/x190_y437.jpg,0
7/x1917_y110.jpg,0
7/x1919_y250.jpg,0
7/x1929_y520.jpg,0
7/x1933_y516.jpg,0
7/x1935_y563.jpg,0
7/x1952_y1894.jpg,0
7/x1957_y557.jpg,0
7/x1968_y428.jpg,0
7/x1975_y304.jpg,0
7/x1978_y116.jpg,0
7/x1979_y1542.jpg,0
7/x1984_y613.jpg,0
7/x2007_y69.jpg,0
7/x2008_y125.jpg,0
7/x2019_y798.jpg,0
7/x2032_y281.jpg,0
7/x2033_y132.jpg,0
7/x2068_y1183.jpg,0
7/x2073_y114.jpg,0
7/x2096_y1111.jpg,0
7/x2102_y1734.jpg,0
7/x2103_y1065.jpg,0
7/x212_y38.jpg,0
7/x2156_y781.jpg,0
7/x2172_y616.jpg,0
7/x2173_y1099.jpg,0
7/x2205_y1849.jpg,0
7/x2220_y1028.jpg,0
7/x2224_y1584.jpg,0
7/x2224_y593.jpg,0
7/x2232_y1625.jpg,0
7/x2233_y1859.jpg,0
7/x227_y1610.jpg,0
7/x2286_y861.jpg,0
7/x2301_y776.jpg,0
7/x2338_y475.jpg,0
7/x2355_y1577.jpg,0
7/x2361_y1386.jpg,0
7/x2368_y1267.jpg,0
7/x2382_y1676.jpg,0
7/x2389_y456.jpg,0
7/x2390_y1429.jpg,0
7/x2399_y514.jpg,0
7/x2420_y474.jpg,0
7/x2423_y1622.jpg,0
7/x2427_y443.jpg,0
7/x2433_y1624.jpg,0
7/x2449_y492.jpg,0
7/x2453_y1279.jpg,0
7/x2470_y1697.jpg,0
7/x2479_y509.jpg,0
7/x2500_y1302.jpg,0
7/x2502_y1701.jpg,0
7/x2510_y527.jpg,0
7/x2514_y1450.jpg,0
7/x2530_y1597.jpg,0
7/x2542_y546.jpg,0
7/x2545_y685.jpg,0
7/x2547_y1875.jpg,0
7/x2560_y1806.jpg,0
7/x292_y28.jpg,0
7/x341_y1680.jpg,0
7/x346_y629.jpg,0
7/x393_y436.jpg,0
7/x396_y815.jpg,0
7/x397_y692.jpg,0
7/x434_y691.jpg,0
7/x438_y721.jpg,0
7/x43_y104.jpg,0
7/x443_y828.jpg,0
7/x446_y754.jpg,0
7/x452_y723.jpg,0
7/x489_y612.jpg,0
7/x508_y757.jpg,0
7/x510_y817.jpg,0
7/x512_y1889.jpg,0
7/x564_y781.jpg,0
7/x56_y142.jpg,0
7/x650_y1555.jpg,0
7/x700_y1598.jpg,0
7/x718_y1530.jpg,0
7/x727_y1656.jpg,0
7/x746_y1502.jpg,0
7/x752_y1661.jpg,0
7/x817_y780.jpg,0
7/x821_y1479.jpg,0
7/x821_y1629.jpg,0
7/x831_y958.jpg,0
7/x843_y1622.jpg,0
7/x882_y1598.jpg,0
7/x885_y1794.jpg,0
7/x899_y968.jpg,0
7/x916_y964.jpg,0
7/x924_y1600.jpg,0
7/x924_y959.jpg,0
7/x942_y945.jpg,0
7/x953_y939.jpg,0
7/x970_y955.jpg,0
7/x987_y944.jpg,0
8/x1019_y840.jpg,0
8/x1024_y908.jpg,0
8/x1029_y1655.jpg,0
8/x1030_y1791.jpg,0
8/x1044_y1810.jpg,0
8/x1045_y1200.jpg,0
8/x1049_y1278.jpg,0
8/x1053_y1324.jpg,0
8/x1061_y1777.jpg,0
8/x1063_y1399.jpg,0
8/x1089_y1742.jpg,0
8/x1095_y571.jpg,0
8/x1095_y768.jpg,0
8/x1096_y705.jpg,0
8/x1098_y1678.jpg,0
8/x109_y26.jpg,0
8/x1100_y1310.jpg,0
8/x1107_y1771.jpg,0
8/x1112_y873.jpg,0
8/x1113_y1091.jpg,0
8/x1113_y1881.jpg,0
8/x1117_y1340.jpg,0
8/x1118_y1576.jpg,0
8/x1122_y1753.jpg,0
8/x1128_y1189.jpg,0
8/x1129_y1724.jpg,0
8/x1150_y1395.jpg,0
8/x1165_y1768.jpg,0
8/x1166_y1365.jpg,0
8/x1174_y1124.jpg,0
8/x1183_y1436.jpg,0
8/x1199_y1453.jpg,0
8/x1201_y1339.jpg,0
8/x1211_y1425.jpg,0
8/x1230_y1148.jpg,0
8/x1241_y1253.jpg,0
8/x1248_y1857.jpg,0
8/x1258_y1451.jpg,0
8/x1265_y987.jpg,0
8/x1267_y1249.jpg,0
8/x1316_y1251.jpg,0
8/x1330_y1758.jpg,0
8/x1336_y1461.jpg,0
8/x1339_y1364.jpg,0
8/x1346_y1838.jpg,0
8/x1351_y1896.jpg,0
8/x1368_y1134.jpg,0
8/x1370_y1237.jpg,0
8/x1376_y1059.jpg,0
8/x1395_y1391.jpg,0
8/x1401_y1236.jpg,0
8/x1403_y1831.jpg,0
8/x1425_y1215.jpg,0
8/x1452_y820.jpg,0
8/x1454_y1196.jpg,0
8/x1465_y1387.jpg,0
8/x1470_y1419.jpg,0
8/x1471_y730.jpg,0
8/x1489_y1140.jpg,0
8/x1502_y867.jpg,0
8/x1505_y1393.jpg,0
8/x1519_y1783.jpg,0
8/x1527_y1744.jpg,0
8/x1528_y1293.jpg,0
8/x1531_y483.jpg,0
8/x1539_y1324.jpg,0
8/x1556_y1393.jpg,0
8/x1642_y506.jpg,0
8/x1645_y1864.jpg,0
8/x1647_y1601.jpg,0
8/x1655_y1312.jpg,0
8/x1665_y933.jpg,0
8/x1667_y1332.jpg,0
8/x1678_y1553.jpg,0
8/x1689_y849.jpg,0
8/x1716_y186.jpg,0
8/x1722_y829.jpg,0
8/x1745_y1490.jpg,0
8/x1747_y1585.jpg,0
8/x1755_y131.jpg,0
8/x175_y55.jpg,0
8/x1775_y1599.jpg,0
8/x177_y133.jpg,0
8/x1781_y1225.jpg,0
8/x1786_y979.jpg,0
8/x1810_y1432.jpg,0
8/x1814_y828.jpg,0
8/x1839_y687.jpg,0
8/x1851_y598.jpg,0
8/x1885_y539.jpg,0
8/x1901_y1429.jpg,0
8/x1902_y201.jpg,0
8/x1911_y380.jpg,0
8/x1929_y356.jpg,0
8/x1933_y198.jpg,0
8/x1943_y596.jpg,0
8/x1945_y641.jpg,0
8/x1968_y635.jpg,0
8/x1973_y1535.jpg,0
8/x1984_y508.jpg,0
8/x1985_y202.jpg,0
8/x1995_y691.jpg,0
8/x2024_y1587.jpg,0
8/x2056_y875.jpg,0
8/x2057_y1659.jpg,0
8/x209_y94.jpg,0
8/x2129_y49.jpg,0
8/x2134_y1027.jpg,0
8/x2155_y1811.jpg,0
8/x2156_y497.jpg,0
8/x2158_y926.jpg,0
8/x2160_y1372.jpg,0
8/x2171_y1566.jpg,0
8/x2175_y503.jpg,0
8/x2176_y461.jpg,0
8/x2202_y680.jpg,0
8/x2225_y1230.jpg,0
8/x2236_y681.jpg,0
8/x2240_y1212.jpg,0
8/x2244_y1169.jpg,0
8/x2247_y786.jpg,0
8/x2257_y551.jpg,0
8/x2266_y1153.jpg,0
8/x2300_y1173.jpg,0
8/x2304_y1268.jpg,0
8/x2305_y1379.jpg,0
8/x232_y527.jpg,0
8/x2354_y557.jpg,0
8/x2382_y1342.jpg,0
8/x2418_y1576.jpg,0
8/x2431_y552.jpg,0
8/x2458_y1489.jpg,0
8/x2467_y561.jpg,0
8/x2484_y1734.jpg,0
8/x2490_y585.jpg,0
8/x2494_y1199.jpg,0
8/x2521_y605.jpg,0
8/x2530_y1852.jpg,0
8/x2553_y505.jpg,0
8/x2554_y623.jpg,0
8/x2555_y1611.jpg,0
8/x2556_y1601.jpg,0
8/x2560_y759.jpg,0
8/x261_y126.jpg,0
8/x270_y786.jpg,0
8/x327_y119.jpg,0
8/x352_y684.jpg,0
8/x386_y690.jpg,0
8/x409_y892.jpg,0
8/x420_y519.jpg,0
8/x422_y768.jpg,0
8/x42_y683.jpg,0
8/x430_y506.jpg,0
8/x443_y485.jpg,0
8/x445_y735.jpg,0
8/x44_y1778.jpg,0
8/x459_y710.jpg,0
8/x459_y768.jpg,0
8/x462_y797.jpg,0
8/x467_y903.jpg,0
8/x471_y829.jpg,0
8/x499_y897.jpg,0
8/x49_y50.jpg,0
8/x517_y691.jpg,0
8/x543_y834.jpg,0
8/x554_y1602.jpg,0
8/x559_y1652.jpg,0
8/x571_y1717.jpg,0
8/x576_y1665.jpg,0
8/x609_y1668.jpg,0
8/x615_y1482.jpg,0
8/x627_y1884.jpg,0
8/x641_y1644.jpg,0
8/x650_y1469.jpg,0
8/x705_y1624.jpg,0
8/x712_y1392.jpg,0
8/x716_y1453.jpg,0
8/x726_y1892.jpg,0
8/x737_y1589.jpg,0
8/x748_y1612.jpg,0
8/x760_y1587.jpg,0
8/x787_y1507.jpg,0
8/x797_y1603.jpg,0
8/x797_y1735.jpg,0
8/x797_y45.jpg,0
8/x802_y1571.jpg,0
8/x828_y1532.jpg,0
8/x82_y194.jpg,0
8/x837_y1499.jpg,0
8/x848_y1444.jpg,0
8/x852_y1587.jpg,0
8/x858_y1635.jpg,0
8/x864_y1527.jpg,0
8/x86_y69.jpg,0
8/x889_y1311.jpg,0
8/x891_y1568.jpg,0
8/x906_y1445.jpg,0
8/x909_y882.jpg,0
8/x914_y1803.jpg,0
8/x926_y960.jpg,0
8/x931_y1606.jpg,0
8/x933_y1018.jpg,0
8/x934_y1548.jpg,0
8/x945_y1640.jpg,0
8/x94_y124.jpg,0
8/x953_y1679.jpg,0
8/x956_y1400.jpg,0
8/x979_y1683.jpg,0
8/x983_y46.jpg,0
8/x989_y1571.jpg,0
8/x998_y1742.jpg,0
9/x1009_y1387.jpg,0
9/x1035_y1563.jpg,0
9/x103_y1636.jpg,0
9/x1116_y1467.jpg,0
9/x1151_y1344.jpg,1
9/x1174_y1091.jpg,0
9/x1201_y1095.jpg,0
9/x1207_y1051.jpg,0
9/x1221_y889.jpg,0
9/x1227_y1396.jpg,0
9/x1234_y1275.jpg,0
9/x1257_y329.jpg,0
9/x1274_y1866.jpg,0
9/x1323_y1312.jpg,0
9/x1345_y1815.jpg,0
9/x1366_y1508.jpg,0
9/x1378_y1428.jpg,0
9/x1388_y1373.jpg,0
9/x1425_y1240.jpg,1
9/x1438_y1842.jpg,0
9/x1439_y339.jpg,0
9/x1488_y1638.jpg,0
9/x1496_y1749.jpg,0
9/x1505_y1622.jpg,0
9/x1524_y1394.jpg,0
9/x1530_y1044.jpg,0
9/x1545_y1092.jpg,0
9/x1610_y1454.jpg,0
9/x1682_y1455.jpg,0
9/x1697_y1707.jpg,0
9/x1729_y954.jpg,0
9/x1730_y923.jpg,0
9/x1732_y1367.jpg,0
9/x1817_y1424.jpg,0
9/x1826_y728.jpg,0
9/x1855_y584.jpg,0
9/x1870_y491.jpg,0
9/x1902_y443.jpg,0
9/x1907_y429.jpg,0
9/x1932_y80.jpg,0
9/x1961_y488.jpg,0
9/x1961_y78.jpg,0
9/x1964_y535.jpg,0
9/x1986_y529.jpg,0
9/x1998_y396.jpg,0
9/x2013_y587.jpg,0
9/x2013_y84.jpg,0
9/x2017_y1916.jpg,0
9/x2073_y752.jpg,0
9/x2090_y1258.jpg,0
9/x2117_y1083.jpg,0
9/x2123_y1044.jpg,0
9/x2143_y307.jpg,0
9/x2163_y1455.jpg,0
9/x2171_y1282.jpg,0
9/x2182_y757.jpg,0
9/x2186_y1110.jpg,0
9/x2196_y1806.jpg,0
9/x2200_y1097.jpg,0
9/x2203_y592.jpg,0
9/x2219_y1042.jpg,0
9/x2252_y570.jpg,0
9/x2262_y1065.jpg,0
9/x2270_y1707.jpg,0
9/x2275_y1190.jpg,0
9/x2285_y1243.jpg,0
9/x2292_y1629.jpg,0
9/x2364_y456.jpg,0
9/x2366_y1654.jpg,0
9/x2385_y1606.jpg,0
9/x2407_y499.jpg,0
9/x2410_y690.jpg,0
9/x2435_y1083.jpg,0
9/x2455_y440.jpg,0
9/x2458_y1174.jpg,0
9/x2473_y1226.jpg,0
9/x2474_y1210.jpg,0
9/x2493_y444.jpg,0
9/x2504_y1106.jpg,0
9/x2508_y1245.jpg,0
9/x2515_y475.jpg,0
9/x2523_y1255.jpg,0
9/x2531_y1193.jpg,0
9/x2536_y1896.jpg,0
9/x2539_y1171.jpg,0
9/x2541_y498.jpg,0
9/x2547_y1688.jpg,0
9/x2548_y1112.jpg,0
9/x2553_y1276.jpg,0
9/x2564_y1436.jpg,0
9/x2565_y1306.jpg,0
9/x262_y1916.jpg,0
9/x374_y599.jpg,0
9/x422_y406.jpg,0
9/x423_y785.jpg,0
9/x425_y661.jpg,0
9/x42_y556.jpg,0
9/x42_y573.jpg,0
9/x435_y1739.jpg,0
9/x447_y602.jpg,0
9/x447_y628.jpg,0
9/x462_y661.jpg,0
9/x463_y793.jpg,0
9/x469_y691.jpg,0
9/x474_y723.jpg,0
9/x495_y583.jpg,0
9/x507_y790.jpg,0
9/x514_y638.jpg,0
9/x536_y726.jpg,0
9/x539_y785.jpg,0
9/x650_y1820.jpg,0
9/x833_y1486.jpg,0
9/x925_y1581.jpg,0
9/x979_y957.jpg,0
9/x993_y948.jpg,0
10/x1001_y117.jpg,0
10/x1020_y996.jpg,0
10/x1022_y1175.jpg,0
10/x1040_y521.jpg,0
10/x1044_y424.jpg,0
10/x1048_y858.jpg,0
10/x1055_y932.jpg,0
10/x1067_y987.jpg,0
10/x1077_y493.jpg,0
10/x1079_y988.jpg,0
10/x1080_y1669.jpg,0
10/x1083_y1707.jpg,0
10/x1091_y1141.jpg,0
10/x1092_y1767.jpg,0
10/x1093_y1557.jpg,0
10/x1097_y856.jpg,0
10/x1099_y1214.jpg,0
10/x1105_y1423.jpg,0
10/x1105_y1904.jpg,0
10/x1112_y1744.jpg,0
10/x1131_y1102.jpg,0
10/x1136_y424.jpg,0
10/x1150_y1017.jpg,0
10/x1157_y1000.jpg,0
10/x115_y1116.jpg,0
10/x115_y217.jpg,0
10/x1170_y1020.jpg,0
10/x1172_y559.jpg,0
10/x1179_y1026.jpg,0
10/x1187_y1202.jpg,0
10/x1207_y512.jpg,0
10/x120_y276.jpg,0
10/x1236_y1610.jpg,0
10/x1243_y1290.jpg,0
10/x1244_y1405.jpg,0
10/x124_y405.jpg,0
10/x1252_y1507.jpg,0
10/x1270_y1368.jpg,0
10/x1272_y1711.jpg,0
10/x1295_y1782.jpg,0
10/x1299_y1536.jpg,0
10/x1305_y1534.jpg,0
10/x1310_y408.jpg,0
10/x1345_y984.jpg,0
10/x1356_y1528.jpg,0
10/x1368_y1516.jpg,0
10/x1375_y1022.jpg,0
10/x1385_y1598.jpg,0
10/x1385_y382.jpg,0
10/x1387_y1054.jpg,0
10/x1395_y33.jpg,0
10/x1399_y1018.jpg,0
10/x139_y176.jpg,0
10/x1410_y1503.jpg,0
10/x1414_y1020.jpg,0
10/x1420_y1182.jpg,0
10/x1422_y1293.jpg,0
10/x1432_y1507.jpg,0
10/x1436_y1017.jpg,0
10/x1455_y528.jpg,0
10/x1458_y1305.jpg,0
10/x1468_y1846.jpg,0
10/x1473_y497.jpg,0
10/x1474_y1546.jpg,0
10/x1476_y1140.jpg,0
10/x1477_y1904.jpg,0
10/x1484_y730.jpg,0
10/x1487_y492.jpg,0
10/x1494_y774.jpg,0
10/x1509_y720.jpg,0
10/x1513_y1004.jpg,0
10/x1530_y552.jpg,0
10/x1535_y1087.jpg,0
10/x1546_y1754.jpg,0
10/x1602_y1883.jpg,0
10/x1644_y472.jpg,0
10/x1669_y1817.jpg,0
10/x1679_y1730.jpg,0
10/x167_y438.jpg,0
10/x1735_y278.jpg,0
10/x1813_y951.jpg,0
10/x1826_y813.jpg,0
10/x1827_y1395.jpg,0
10/x182_y161.jpg,0
10/x1836_y726.jpg,0
10/x1866_y681.jpg,0
10/x1870_y669.jpg,0
10/x1873_y276.jpg,0
10/x1882_y343.jpg,0
10/x1882_y492.jpg,0
10/x1910_y340.jpg,0
10/x1927_y724.jpg,0
10/x1930_y768.jpg,0
10/x1953_y762.jpg,0
10/x1957_y639.jpg,0
10/x1960_y344.jpg,0
10/x1982_y817.jpg,0
10/x2001_y511.jpg,0
10/x2008_y452.jpg,0
10/x202_y204.jpg,0
10/x202_y278.jpg,0
10/x2054_y1505.jpg,0
10/x2058_y1524.jpg,0
10/x2091_y1467.jpg,0
10/x2113_y1312.jpg,0
10/x2115_y1273.jpg,0
10/x214_y162.jpg,0
10/x2154_y461.jpg,0
10/x2157_y982.jpg,0
10/x2163_y819.jpg,0
10/x2176_y1462.jpg,0
10/x2176_y1518.jpg,0
10/x2180_y1352.jpg,0
10/x2193_y1321.jpg,0
10/x2212_y1268.jpg,0
10/x2231_y807.jpg,0
10/x2235_y792.jpg,0
10/x224_y152.jpg,0
10/x2256_y1291.jpg,0
10/x2266_y1417.jpg,0
10/x2286_y1482.jpg,0
10/x2320_y696.jpg,0
10/x2329_y978.jpg,0
10/x232_y914.jpg,0
10/x234_y242.jpg,0
10/x2362_y676.jpg,0
10/x2368_y732.jpg,0
10/x2390_y1459.jpg,0
10/x2419_y1721.jpg,0
10/x2425_y1768.jpg,0
10/x2428_y1304.jpg,0
10/x2449_y685.jpg,0
10/x2460_y1407.jpg,0
10/x2471_y712.jpg,0
10/x2474_y1804.jpg,0
10/x2479_y1435.jpg,0
10/x2495_y736.jpg,0
10/x2498_y1331.jpg,0
10/x2500_y1708.jpg,0
10/x2507_y1769.jpg,0
10/x252_y171.jpg,0
10/x2535_y749.jpg,0
10/x2537_y629.jpg,0
10/x2538_y1371.jpg,0
10/x2543_y885.jpg,0
10/x2546_y1338.jpg,0
10/x2558_y1630.jpg,0
10/x289_y269.jpg,0
10/x308_y122.jpg,0
10/x308_y265.jpg,0
10/x348_y265.jpg,0
10/x369_y1675.jpg,0
10/x370_y820.jpg,0
10/x373_y29.jpg,0
10/x420_y1018.jpg,0
10/x426_y895.jpg,0
10/x437_y805.jpg,0
10/x439_y1753.jpg,0
10/x442_y638.jpg,0
10/x453_y1799.jpg,0
10/x456_y861.jpg,0
10/x457_y617.jpg,0
10/x462_y894.jpg,0
10/x465_y1028.jpg,0
10/x466_y923.jpg,0
10/x471_y903.jpg,0
10/x472_y955.jpg,0
10/x518_y815.jpg,0
10/x52_y812.jpg,0
10/x532_y957.jpg,0
10/x548_y1572.jpg,0
10/x559_y1532.jpg,0
10/x572_y1513.jpg,0
10/x57_y406.jpg,0
10/x612_y1480.jpg,0
10/x68_y134.jpg,0
10/x727_y1312.jpg,0
10/x799_y124.jpg,0
10/x801_y180.jpg,0
10/x806_y1346.jpg,0
10/x80_y199.jpg,0
10/x833_y670.jpg,0
10/x836_y1085.jpg,0
10/x838_y708.jpg,0
10/x854_y1238.jpg,0
10/x859_y674.jpg,0
10/x866_y1226.jpg,0
10/x877_y720.jpg,0
10/x909_y1386.jpg,0
10/x910_y1406.jpg,0
10/x912_y1572.jpg,0
10/x949_y99.jpg,0
10/x964_y587.jpg,0
11/x1000_y1167.jpg,0
11/x1011_y1193.jpg,0
11/x1013_y1100.jpg,0
11/x1013_y626.jpg,0
11/x1014_y1120.jpg,0
11/x1023_y1648.jpg,0
11/x1023_y938.jpg,1
11/x1024_y1219.jpg,0
11/x1029_y1140.jpg,0
11/x1036_y688.jpg,0
11/x1044_y639.jpg,0
11/x1051_y710.jpg,0
11/x1052_y1265.jpg,0
11/x1054_y1136.jpg,0
11/x1066_y937.jpg,0
11/x1067_y785.jpg,0
11/x1073_y1193.jpg,0
11/x1075_y785.jpg,0
11/x1088_y1311.jpg,0
11/x1089_y1598.jpg,0
11/x1095_y787.jpg,0
11/x1109_y642.jpg,0
11/x1111_y1752.jpg,0
11/x1116_y635.jpg,0
11/x1121_y960.jpg,0
11/x1123_y783.jpg,0
11/x1125_y701.jpg,0
11/x1128_y925.jpg,0
11/x1129_y296.jpg,1
11/x1135_y1862.jpg,0
11/x1140_y1619.jpg,0
11/x1149_y1366.jpg,0
11/x1164_y895.jpg,1
11/x1167_y1370.jpg,0
11/x1167_y1386.jpg,0
11/x1169_y1473.jpg,1
11/x1170_y1138.jpg,0
11/x1178_y1103.jpg,0
11/x1181_y1370.jpg,0
11/x1182_y1011.jpg,0
11/x1189_y1139.jpg,0
11/x1192_y1360.jpg,0
11/x1192_y1385.jpg,0
11/x1192_y1410.jpg,0
11/x1199_y1417.jpg,0
11/x119_y59.jpg,0
11/x1200_y1249.jpg,0
11/x1200_y902.jpg,1
11/x1204_y1121.jpg,0
11/x1205_y1350.jpg,1
11/x1207_y921.jpg,1
11/x1210_y1134.jpg,0
11/x1211_y1193.jpg,0
11/x1213_y1441.jpg,0
11/x1218_y1051.jpg,0
11/x1224_y1430.jpg,0
11/x1227_y1116.jpg,0
11/x1247_y1366.jpg,0
11/x1249_y1464.jpg,0
11/x1252_y1187.jpg,0
11/x1255_y1033.jpg,0
11/x1258_y1658.jpg,0
11/x1259_y1452.jpg,0
11/x1263_y1085.jpg,0
11/x1265_y1218.jpg,0
11/x126_y97.jpg,0
11/x1274_y1090.jpg,0
11/x1287_y1175.jpg,0
11/x128_y1167.jpg,0
11/x1291_y1443.jpg,0
11/x1298_y349.jpg,1
11/x1301_y902.jpg,0
11/x1318_y1779.jpg,0
11/x1323_y957.jpg,1
11/x1324_y1191.jpg,0
11/x1324_y1334.jpg,0
11/x1326_y1426.jpg,0
11/x1327_y1388.jpg,0
11/x1338_y1096.jpg,0
11/x1344_y1103.jpg,0
11/x1346_y1577.jpg,0
11/x1347_y1275.jpg,0
11/x1359_y1172.jpg,0
11/x1362_y1757.jpg,0
11/x1363_y1191.jpg,0
11/x1373_y1312.jpg,0
11/x1373_y1398.jpg,0
11/x1374_y1454.jpg,0
11/x1375_y1754.jpg,0
11/x1379_y1621.jpg,0
11/x1381_y1040.jpg,0
11/x1382_y1417.jpg,0
11/x1390_y1693.jpg,0
11/x1391_y621.jpg,0
11/x1396_y1452.jpg,0
11/x1405_y1376.jpg,0
11/x1411_y1364.jpg,0
11/x1413_y1020.jpg,0
11/x1418_y1435.jpg,0
11/x1423_y1356.jpg,0
11/x1427_y1660.jpg,0
11/x1433_y1176.jpg,0
11/x1433_y956.jpg,0
11/x1437_y612.jpg,0
11/x1450_y1455.jpg,0
11/x1451_y1622.jpg,0
11/x1456_y1114.jpg,0
11/x1460_y1446.jpg,0
11/x1470_y1409.jpg,0
11/x1475_y1117.jpg,0
11/x1482_y1649.jpg,0
11/x1482_y532.jpg,1
11/x1494_y1432.jpg,0
11/x1495_y1310.jpg,1
11/x1498_y625.jpg,0
11/x1499_y1742.jpg,0
11/x1500_y1344.jpg,0
11/x1505_y1113.jpg,0
11/x1506_y722.jpg,0
11/x1510_y1414.jpg,0
11/x1511_y1705.jpg,0
11/x1513_y1191.jpg,0
11/x1517_y922.jpg,1
11/x1521_y1131.jpg,0
11/x1530_y604.jpg,0
11/x1533_y1186.jpg,0
11/x1534_y1197.jpg,0
11/x1534_y1273.jpg,0
11/x1537_y1217.jpg,0
11/x1539_y1350.jpg,0
11/x153_y58.jpg,0
11/x1542_y1246.jpg,0
11/x1546_y1298.jpg,0
11/x1556_y1484.jpg,0
11/x1560_y1315.jpg,0
11/x1572_y1052.jpg,0
11/x158_y879.jpg,0
11/x1612_y654.jpg,0
11/x161_y95.jpg,0
11/x1632_y1323.jpg,0
11/x1645_y1914.jpg,0
11/x1645_y578.jpg,0
11/x1654_y1307.jpg,0
11/x1654_y600.jpg,0
11/x1683_y639.jpg,0
11/x1685_y1195.jpg,0
11/x1687_y898.jpg,1
11/x1689_y397.jpg,0
11/x1697_y972.jpg,0
11/x1703_y832.jpg,0
11/x1707_y446.jpg,0
11/x1711_y1167.jpg,0
11/x1713_y1756.jpg,0
11/x1719_y920.jpg,0
11/x1731_y1192.jpg,0
11/x1733_y1225.jpg,0
11/x1737_y309.jpg,0
11/x1738_y1252.jpg,0
11/x1743_y1108.jpg,0
11/x1756_y1310.jpg,0
11/x1793_y1231.jpg,0
11/x1811_y1252.jpg,0
11/x1813_y1722.jpg,0
11/x1813_y1781.jpg,0
11/x1814_y361.jpg,0
11/x1833_y212.jpg,0
11/x1839_y1213.jpg,0
11/x1854_y219.jpg,0
11/x1869_y1331.jpg,0
11/x1873_y1138.jpg,0
11/x1888_y1031.jpg,0
11/x1892_y1668.jpg,0
11/x189_y225.jpg,0
11/x189_y56.jpg,0
11/x1903_y1249.jpg,0
11/x1908_y891.jpg,0
11/x1915_y1764.jpg,0
11/x1917_y804.jpg,0
11/x1931_y1248.jpg,0
11/x1932_y1035.jpg,0
11/x1932_y1237.jpg,0
11/x1946_y1501.jpg,0
11/x194_y94.jpg,0
11/x1951_y748.jpg,0
11/x1959_y605.jpg,0
11/x1963_y426.jpg,0
11/x1967_y1256.jpg,0
11/x1975_y1278.jpg,0
11/x1990_y1309.jpg,0
11/x1991_y421.jpg,0
11/x1994_y1826.jpg,0
11/x1997_y1544.jpg,0
11/x1998_y1312.jpg,0
11/x2004_y1410.jpg,0
11/x2005_y1278.jpg,0
11/x2011_y803.jpg,0
11/x2014_y846.jpg,0
11/x2020_y1287.jpg,0
11/x2020_y1478.jpg,0
11/x2034_y1580.jpg,0
11/x2043_y426.jpg,0
11/x2044_y717.jpg,0
11/x2052_y575.jpg,0
11/x2063_y372.jpg,0
11/x2064_y1758.jpg,0
11/x2065_y610.jpg,0
11/x2065_y897.jpg,0
11/x2078_y539.jpg,0
11/x2084_y1377.jpg,0
11/x2096_y441.jpg,0
11/x2104_y1082.jpg,0
11/x2110_y1357.jpg,0
11/x2119_y1364.jpg,0
11/x2149_y1796.jpg,0
11/x2149_y419.jpg,0
11/x2191_y1419.jpg,0
11/x2193_y1405.jpg,0
11/x2202_y817.jpg,0
11/x2203_y1378.jpg,0
11/x2214_y1361.jpg,0
11/x2222_y1444.jpg,0
11/x2222_y1851.jpg,0
11/x2233_y431.jpg,0
11/x2248_y1066.jpg,0
11/x2255_y1105.jpg,0
11/x2258_y902.jpg,0
11/x2274_y893.jpg,0
11/x2275_y1196.jpg,0
11/x2278_y1431.jpg,0
11/x2280_y1798.jpg,0
11/x2283_y1158.jpg,0
11/x2289_y1411.jpg,0
11/x228_y116.jpg,0
11/x2297_y1529.jpg,0
11/x2298_y1072.jpg,0
11/x2308_y1360.jpg,0
11/x230_y63.jpg,0
11/x2313_y1677.jpg,0
11/x2320_y762.jpg,0
11/x233_y306.jpg,0
11/x2351_y1524.jpg,0
11/x2352_y1384.jpg,0
11/x2370_y1577.jpg,0
11/x2373_y1508.jpg,0
11/x237_y362.jpg,0
11/x2422_y805.jpg,0
11/x2443_y766.jpg,0
11/x247_y204.jpg,0
11/x2489_y1563.jpg,0
11/x2512_y1695.jpg,0
11/x2562_y1917.jpg,0
11/x256_y267.jpg,0
11/x261_y54.jpg,0
11/x282_y266.jpg,0
11/x294_y53.jpg,0
11/x29_y137.jpg,0
11/x301_y257.jpg,0
11/x313_y118.jpg,0
11/x316_y365.jpg,0
11/x317_y244.jpg,0
11/x317_y294.jpg,0
11/x331_y52.jpg,0
11/x338_y259.jpg,0
11/x340_y724.jpg,0
11/x349_y330.jpg,0
11/x365_y261.jpg,0
11/x366_y51.jpg,0
11/x368_y220.jpg,0
11/x379_y191.jpg,0
11/x398_y107.jpg,0
11/x399_y1721.jpg,0
11/x402_y358.jpg,0
11/x421_y215.jpg,0
11/x440_y75.jpg,0
11/x448_y1615.jpg,0
11/x454_y1754.jpg,0
11/x455_y1787.jpg,0
11/x478_y87.jpg,0
11/x495_y902.jpg,0
11/x49_y62.jpg,0
11/x501_y1799.jpg,0
11/x509_y1558.jpg,0
11/x50_y895.jpg,0
11/x511_y1085.jpg,0
11/x514_y1769.jpg,0
11/x522_y964.jpg,0
11/x528_y730.jpg,0
11/x533_y877.jpg,0
11/x540_y1842.jpg,0
11/x541_y705.jpg,0
11/x545_y909.jpg,0
11/x546_y932.jpg,0
11/x552_y1410.jpg,0
11/x553_y1690.jpg,0
11/x554_y696.jpg,0
11/x557_y1822.jpg,0
11/x557_y964.jpg,0
11/x558_y1095.jpg,0
11/x559_y992.jpg,0
11/x565_y1024.jpg,0
11/x565_y1883.jpg,0
11/x567_y1360.jpg,0
11/x569_y881.jpg,0
11/x56_y99.jpg,0
11/x581_y1767.jpg,0
11/x588_y1366.jpg,0
11/x592_y1623.jpg,0
11/x595_y1647.jpg,0
11/x613_y889.jpg,0
11/x617_y1794.jpg,0
11/x618_y1546.jpg,0
11/x619_y1886.jpg,0
11/x620_y1827.jpg,0
11/x624_y1025.jpg,0
11/x626_y1899.jpg,0
11/x632_y1373.jpg,0
11/x640_y1914.jpg,0
11/x641_y1316.jpg,0
11/x646_y1594.jpg,0
11/x64_y137.jpg,0
11/x650_y1291.jpg,0
11/x652_y1767.jpg,0
11/x663_y1860.jpg,0
11/x669_y1774.jpg,0
11/x669_y1909.jpg,0
11/x679_y1551.jpg,0
11/x682_y1688.jpg,0
11/x684_y1265.jpg,0
11/x685_y1483.jpg,0
11/x691_y1255.jpg,0
11/x695_y1385.jpg,0
11/x707_y1767.jpg,0
11/x70_y174.jpg,0
11/x717_y1443.jpg,0
11/x727_y1383.jpg,0
11/x733_y1811.jpg,0
11/x736_y1433.jpg,0
11/x743_y1276.jpg,0
11/x751_y1235.jpg,0
11/x754_y1793.jpg,0
11/x758_y1567.jpg,0
11/x763_y1896.jpg,0
11/x777_y1862.jpg,0
11/x778_y1384.jpg,0
11/x782_y1608.jpg,0
11/x783_y1766.jpg,0
11/x796_y1486.jpg,0
11/x79_y211.jpg,0
11/x818_y1320.jpg,0
11/x822_y1766.jpg,0
11/x824_y1488.jpg,0
11/x82_y886.jpg,0
11/x841_y1649.jpg,0
11/x843_y193.jpg,0
11/x860_y1275.jpg,0
11/x864_y1435.jpg,0
11/x86_y247.jpg,0
11/x873_y1379.jpg,0
11/x877_y1769.jpg,0
11/x877_y827.jpg,0
11/x879_y171.jpg,0
11/x889_y1486.jpg,0
11/x890_y1229.jpg,0
11/x891_y1655.jpg,0
11/x901_y1437.jpg,0
11/x903_y934.jpg,0
11/x908_y1396.jpg,0
11/x909_y1333.jpg,0
11/x914_y1276.jpg,0
11/x916_y1198.jpg,0
11/x927_y647.jpg,0
11/x929_y1628.jpg,0
11/x930_y1416.jpg,0
11/x933_y1257.jpg,0
11/x934_y1804.jpg,0
11/x938_y706.jpg,0
11/x93_y108.jpg,0
11/x940_y1188.jpg,0
11/x942_y1770.jpg,0
11/x946_y1234.jpg,0
11/x946_y1488.jpg,0
11/x94_y283.jpg,0
11/x956_y1548.jpg,0
11/x974_y1082.jpg,0
11/x976_y1525.jpg,0
11/x978_y1251.jpg,0
11/x980_y1847.jpg,0
11/x989_y1418.jpg,0
11/x991_y1216.jpg,0
11/x998_y1081.jpg,0
11/x999_y631.jpg,0
12/x1056_y103.jpg,0
12/x1058_y826.jpg,0
12/x1085_y736.jpg,0
12/x1144_y864.jpg,0
12/x1146_y1054.jpg,0
12/x1146_y741.jpg,0
12/x1149_y1060.jpg,0
12/x1160_y611.jpg,0
12/x1171_y1184.jpg,0
12/x1216_y1076.jpg,0
12/x121_y721.jpg,0
12/x1220_y677.jpg,0
12/x1234_y102.jpg,0
12/x1244_y1188.jpg,0
12/x1281_y1261.jpg,0
12/x1286_y1094.jpg,0
12/x1316_y765.jpg,0
12/x1339_y1195.jpg,0
12/x1355_y1069.jpg,0
12/x1364_y868.jpg,0
12/x1372_y1169.jpg,0
12/x1404_y1043.jpg,0
12/x1413_y97.jpg,0
12/x1435_y849.jpg,0
12/x1462_y748.jpg,0
12/x1462_y762.jpg,0
12/x152_y72.jpg,0
12/x1591_y398.jpg,0
12/x164_y137.jpg,0
12/x1677_y429.jpg,0
12/x1722_y129.jpg,0
12/x1907_y767.jpg,0
12/x1919_y678.jpg,0
12/x1950_y633.jpg,0
12/x1955_y618.jpg,0
12/x1965_y475.jpg,0
12/x1974_y287.jpg,0
12/x197_y215.jpg,0
12/x199_y155.jpg,0
12/x2002_y284.jpg,0
12/x2012_y677.jpg,0
12/x2014_y722.jpg,0
12/x2033_y428.jpg,0
12/x2037_y716.jpg,0
12/x2046_y590.jpg,0
12/x2066_y773.jpg,0
12/x2089_y919.jpg,0
12/x2102_y399.jpg,0
12/x2108_y304.jpg,0
12/x2128_y211.jpg,0
12/x2144_y285.jpg,0
12/x2148_y935.jpg,0
12/x215_y79.jpg,0
12/x216_y217.jpg,0
12/x2199_y1227.jpg,0
12/x2223_y1888.jpg,0
12/x222_y114.jpg,0
12/x2242_y942.jpg,0
12/x2244_y298.jpg,0
12/x2245_y981.jpg,0
12/x2253_y776.jpg,0
12/x2255_y1317.jpg,0
12/x2261_y1461.jpg,0
12/x2266_y782.jpg,0
12/x2267_y1058.jpg,0
12/x2270_y1279.jpg,0
12/x2271_y1796.jpg,0
12/x2276_y1028.jpg,0
12/x2283_y1307.jpg,0
12/x2299_y1775.jpg,0
12/x2308_y757.jpg,0
12/x2323_y639.jpg,0
12/x2335_y1259.jpg,0
12/x2345_y1383.jpg,0
12/x2348_y1447.jpg,0
12/x2356_y1697.jpg,0
12/x2410_y1189.jpg,0
12/x2425_y638.jpg,0
12/x2434_y1625.jpg,0
12/x2437_y1788.jpg,0
12/x2475_y620.jpg,0
12/x2489_y675.jpg,0
12/x2506_y1487.jpg,0
12/x2507_y637.jpg,0
12/x2534_y1394.jpg,0
12/x2564_y1318.jpg,0
12/x265_y100.jpg,0
12/x285_y142.jpg,0
12/x285_y216.jpg,0
12/x299_y102.jpg,0
12/x299_y62.jpg,0
12/x307_y85.jpg,0
12/x30_y973.jpg,0
12/x318_y589.jpg,0
12/x319_y180.jpg,0
12/x322_y99.jpg,0
12/x352_y39.jpg,0
12/x376_y207.jpg,0
12/x38_y55.jpg,0
12/x390_y60.jpg,0
12/x429_y204.jpg,0
12/x451_y741.jpg,0
12/x458_y774.jpg,0
12/x45_y95.jpg,0
12/x500_y954.jpg,0
12/x505_y835.jpg,0
12/x512_y590.jpg,0
12/x520_y579.jpg,0
12/x541_y835.jpg,0
12/x543_y863.jpg,0
12/x544_y967.jpg,0
12/x550_y896.jpg,0
12/x560_y866.jpg,0
12/x592_y813.jpg,0
12/x599_y760.jpg,0
12/x609_y898.jpg,0
12/x62_y757.jpg,0
12/x883_y98.jpg,0
12/x944_y628.jpg,0
13/x1001_y1450.jpg,0
13/x1018_y1385.jpg,0
13/x1022_y1458.jpg,0
13/x1024_y963.jpg,0
13/x1026_y1421.jpg,0
13/x102_y1349.jpg,0
13/x102_y597.jpg,0
13/x1036_y1634.jpg,0
13/x1057_y1046.jpg,0
13/x1058_y1287.jpg,0
13/x1068_y1091.jpg,0
13/x1069_y1107.jpg,0
13/x107_y780.jpg,0
13/x1103_y1278.jpg,0
13/x1105_y1618.jpg,0
13/x1111_y1310.jpg,0
13/x1113_y547.jpg,0
13/x1119_y1399.jpg,0
13/x1120_y1382.jpg,0
13/x1124_y1269.jpg,0
13/x1129_y1301.jpg,0
13/x1131_y1768.jpg,0
13/x1132_y912.jpg,0
13/x1135_y1369.jpg,0
13/x1140_y398.jpg,0
13/x1144_y356.jpg,0
13/x1149_y1386.jpg,0
13/x1152_y1270.jpg,0
13/x1163_y1188.jpg,0
13/x1171_y1324.jpg,0
13/x1175_y1538.jpg,0
13/x1176_y1689.jpg,0
13/x1177_y1387.jpg,0
13/x1180_y478.jpg,0
13/x1182_y362.jpg,0
13/x1185_y900.jpg,0
13/x1186_y1392.jpg,0
13/x1187_y1324.jpg,0
13/x1187_y679.jpg,0
13/x1193_y1658.jpg,0
13/x1193_y872.jpg,0
13/x1210_y324.jpg,0
13/x1210_y867.jpg,0
13/x1223_y874.jpg,0
13/x1235_y1433.jpg,0
13/x1249_y1000.jpg,0
13/x1250_y949.jpg,0
13/x1252_y435.jpg,0
13/x1257_y1794.jpg,0
13/x1262_y1510.jpg,0
13/x1263_y1724.jpg,0
13/x1268_y1767.jpg,0
13/x1269_y1554.jpg,0
13/x1278_y984.jpg,0
13/x1279_y876.jpg,0
13/x1281_y891.jpg,0
13/x128_y1018.jpg,0
13/x129_y518.jpg,0
13/x1302_y1233.jpg,0
13/x1313_y1556.jpg,0
13/x1313_y415.jpg,0
13/x1325_y1326.jpg,0
13/x1333_y469.jpg,0
13/x133_y855.jpg,0
13/x1352_y397.jpg,0
13/x1356_y997.jpg,0
13/x1357_y967.jpg,0
13/x1358_y897.jpg,0
13/x1375_y1407.jpg,0
13/x1391_y878.jpg,0
13/x1397_y1415.jpg,0
13/x139_y1289.jpg,0
13/x1404_y1237.jpg,0
13/x1410_y341.jpg,0
13/x1413_y1316.jpg,0
13/x1420_y376.jpg,0
13/x1426_y396.jpg,0
13/x1441_y478.jpg,0
13/x1451_y1607.jpg,0
13/x1454_y1322.jpg,0
13/x1458_y1532.jpg,0
13/x1463_y344.jpg,0
13/x1470_y1265.jpg,0
13/x1474_y1528.jpg,0
13/x1475_y1907.jpg,0
13/x1477_y1420.jpg,0
13/x1488_y1323.jpg,0
13/x1489_y445.jpg,0
13/x1496_y1533.jpg,0
13/x1510_y775.jpg,0
13/x1516_y1305.jpg,0
13/x1523_y1674.jpg,0
13/x1525_y1282.jpg,0
13/x1545_y1337.jpg,0
13/x1547_y1666.jpg,0
13/x1556_y1412.jpg,0
13/x1557_y1155.jpg,0
13/x1557_y418.jpg,0
13/x1558_y1232.jpg,0
13/x1561_y1315.jpg,0
13/x1563_y1868.jpg,0
13/x1568_y1516.jpg,0
13/x1574_y1653.jpg,0
13/x1584_y1291.jpg,0
13/x1592_y367.jpg,0
13/x1600_y1348.jpg,0
13/x1614_y1368.jpg,0
13/x1655_y983.jpg,0
13/x1657_y879.jpg,0
13/x167_y85.jpg,0
13/x1699_y943.jpg,0
13/x1700_y370.jpg,0
13/x1708_y1671.jpg,0
13/x1717_y146.jpg,0
13/x172_y1130.jpg,0
13/x1745_y420.jpg,0
13/x1755_y92.jpg,0
13/x1760_y520.jpg,0
13/x176_y727.jpg,0
13/x1770_y1348.jpg,0
13/x1776_y1556.jpg,0
13/x1785_y1708.jpg,0
13/x1788_y1655.jpg,0
13/x1788_y1674.jpg,0
13/x1839_y1262.jpg,0
13/x1846_y669.jpg,0
13/x1849_y1900.jpg,0
13/x1858_y552.jpg,0
13/x1860_y1402.jpg,0
13/x1863_y570.jpg,0
13/x1866_y845.jpg,0
13/x1869_y845.jpg,0
13/x1884_y503.jpg,0
13/x1896_y357.jpg,0
13/x1897_y1243.jpg,0
13/x1905_y164.jpg,0
13/x1908_y1289.jpg,0
13/x192_y900.jpg,0
13/x1935_y161.jpg,0
13/x1942_y563.jpg,0
13/x1943_y608.jpg,0
13/x1966_y602.jpg,0
13/x1974_y474.jpg,0
13/x1987_y165.jpg,0
13/x198_y45.jpg,0
13/x1991_y128.jpg,0
13/x1992_y1456.jpg,0
13/x1993_y659.jpg,0
13/x1997_y311.jpg,0
13/x1998_y1813.jpg,0
13/x200_y589.jpg,0
13/x2017_y175.jpg,0
13/x2029_y1494.jpg,0
13/x2035_y278.jpg,0
13/x2054_y188.jpg,0
13/x2087_y162.jpg,0
13/x213_y704.jpg,0
13/x2154_y922.jpg,0
13/x2157_y1628.jpg,0
13/x2161_y891.jpg,0
13/x2166_y1287.jpg,0
13/x2166_y1817.jpg,0
13/x2173_y849.jpg,0
13/x2180_y662.jpg,0
13/x219_y1096.jpg,0
13/x2216_y1196.jpg,0
13/x2217_y1487.jpg,0
13/x2217_y507.jpg,0
13/x2221_y1654.jpg,0
13/x2228_y1647.jpg,0
13/x2229_y642.jpg,0
13/x2231_y1182.jpg,0
13/x2233_y1531.jpg,0
13/x2238_y1461.jpg,0
13/x2261_y1119.jpg,0
13/x2269_y1899.jpg,0
13/x2280_y1339.jpg,0
13/x2290_y1827.jpg,0
13/x2292_y1141.jpg,0
13/x2293_y1242.jpg,0
13/x2296_y1825.jpg,0
13/x2317_y834.jpg,0
13/x2339_y1703.jpg,0
13/x2346_y522.jpg,0
13/x234_y1469.jpg,0
13/x2392_y1134.jpg,0
13/x2397_y504.jpg,0
13/x240_y1248.jpg,0
13/x2411_y560.jpg,0
13/x2428_y522.jpg,0
13/x2436_y489.jpg,0
13/x243_y1881.jpg,0
13/x2488_y556.jpg,0
13/x2499_y1903.jpg,0
13/x2512_y1767.jpg,0
13/x2516_y1338.jpg,0
13/x2516_y576.jpg,0
13/x2545_y1417.jpg,0
13/x2551_y1780.jpg,0
13/x2551_y593.jpg,0
13/x2555_y733.jpg,0
13/x260_y78.jpg,0
13/x263_y1899.jpg,0
13/x274_y918.jpg,0
13/x287_y1342.jpg,0
13/x291_y1012.jpg,0
13/x29_y1104.jpg,0
13/x29_y992.jpg,0
13/x303_y1371.jpg,0
13/x310_y503.jpg,0
13/x321_y1423.jpg,0
13/x39_y482.jpg,0
13/x409_y808.jpg,0
13/x410_y477.jpg,0
13/x421_y843.jpg,0
13/x427_y1002.jpg,0
13/x435_y904.jpg,0
13/x447_y762.jpg,0
13/x44_y1338.jpg,0
13/x455_y721.jpg,0
13/x45_y1443.jpg,0
13/x460_y947.jpg,0
13/x461_y822.jpg,0
13/x466_y1304.jpg,0
13/x475_y996.jpg,0
13/x47_y1026.jpg,0
13/x481_y1087.jpg,0
13/x481_y1168.jpg,0
13/x490_y1257.jpg,0
13/x493_y1212.jpg,0
13/x501_y1124.jpg,0
13/x510_y651.jpg,0
13/x523_y794.jpg,0
13/x531_y1560.jpg,0
13/x535_y1198.jpg,0
13/x549_y1918.jpg,0
13/x552_y1649.jpg,0
13/x570_y1673.jpg,0
13/x581_y1556.jpg,0
13/x597_y1554.jpg,0
13/x603_y1512.jpg,0
13/x619_y1462.jpg,0
13/x639_y1553.jpg,0
13/x63_y787.jpg,0
13/x646_y1387.jpg,0
13/x657_y1470.jpg,0
13/x657_y1841.jpg,0
13/x65_y1095.jpg,0
13/x666_y1511.jpg,0
13/x668_y1386.jpg,0
13/x674_y1549.jpg,0
13/x675_y1739.jpg,0
13/x67_y1023.jpg,0
13/x683_y1472.jpg,0
13/x689_y1586.jpg,0
13/x690_y1520.jpg,0
13/x691_y1741.jpg,0
13/x693_y1645.jpg,0
13/x695_y1893.jpg,0
13/x696_y1835.jpg,0
13/x699_y1687.jpg,0
13/x71_y844.jpg,0
13/x736_y1517.jpg,0
13/x741_y1539.jpg,0
13/x751_y1458.jpg,0
13/x757_y1680.jpg,0
13/x765_y1483.jpg,0
13/x767_y1466.jpg,0
13/x78_y493.jpg,0
13/x795_y1396.jpg,0
13/x799_y1603.jpg,0
13/x79_y866.jpg,0
13/x810_y1371.jpg,0
13/x810_y1426.jpg,0
13/x825_y1440.jpg,0
13/x827_y1578.jpg,0
13/x831_y1860.jpg,0
13/x838_y1731.jpg,0
13/x839_y1777.jpg,0
13/x840_y1686.jpg,0
13/x881_y1401.jpg,0
13/x898_y1473.jpg,0
13/x89_y1309.jpg,0
13/x938_y1618.jpg,0
13/x93_y908.jpg,0
13/x947_y1366.jpg,0
13/x95_y87.jpg,0
13/x966_y1527.jpg,0
13/x977_y1398.jpg,0
13/x978_y1439.jpg,0
13/x979_y1291.jpg,0