001bf60b-35b0-4b72-8c95-708efe090568.png,190,127
001bf60b-35b0-4b72-8c95-708efe090568.png,207,118
001bf60b-35b0-4b72-8c95-708efe090568.png,206,165
001bf60b-35b0-4b72-8c95-708efe090568.png,221,263
001bf60b-35b0-4b72-8c95-708efe090568.png,225,358
001bf60b-35b0-4b72-8c95-708efe090568.png,64,285
001d9287-6851-4211-bdc9-20a4a166b4df.png,256,320
001d9287-6851-4211-bdc9-20a4a166b4df.png,215,382
001d9287-6851-4211-bdc9-20a4a166b4df.png,157,405
001d9287-6851-4211-bdc9-20a4a166b4df.png,85,419
001d9287-6851-4211-bdc9-20a4a166b4df.png,63,171
001d9287-6851-4211-bdc9-20a4a166b4df.png,182,173
001d9287-6851-4211-bdc9-20a4a166b4df.png,279,182
003b76d0-74a2-432d-85c9-406975853e53.png,277,304
003b76d0-74a2-432d-85c9-406975853e53.png,179,356
003b76d0-74a2-432d-85c9-406975853e53.png,34,326
003b76d0-74a2-432d-85c9-406975853e53.png,72,209
00435b97-4381-43cc-8927-f855f29e4fb5.png,258,433
00435b97-4381-43cc-8927-f855f29e4fb5.png,284,384
00435b97-4381-43cc-8927-f855f29e4fb5.png,185,183
00435b97-4381-43cc-8927-f855f29e4fb5.png,124,194
00435b97-4381-43cc-8927-f855f29e4fb5.png,72,19200851baa-310c-4e24-8c9d-ff83de4764ff.png,189,353
00851baa-310c-4e24-8c9d-ff83de4764ff.png,254,353
00851baa-310c-4e24-8c9d-ff83de4764ff.png,134,295
00b44693-0b6a-4613-a738-c10ed899e9ab.png,192,388
00b44693-0b6a-4613-a738-c10ed899e9ab.png,243,388
00b44693-0b6a-4613-a738-c10ed899e9ab.png,271,364
00b44693-0b6a-4613-a738-c10ed899e9ab.png,255,312
00b44693-0b6a-4613-a738-c10ed899e9ab.png,276,285
00b44693-0b6a-4613-a738-c10ed899e9ab.png,277,257
00b44693-0b6a-4613-a738-c10ed899e9ab.png,303,264
00b44693-0b6a-4613-a738-c10ed899e9ab.png,35,190
00b44693-0b6a-4613-a738-c10ed899e9ab.png,68,169
00b44693-0b6a-4613-a738-c10ed899e9ab.png,39,148
00b44693-0b6a-4613-a738-c10ed899e9ab.png,56,133
00b44693-0b6a-4613-a738-c10ed899e9ab.png,31,119
00b44693-0b6a-4613-a738-c10ed899e9ab.png,42,429
00b44693-0b6a-4613-a738-c10ed899e9ab.png,43,479
00b44693-0b6a-4613-a738-c10ed899e9ab.png,140,476
00b44693-0b6a-4613-a738-c10ed899e9ab.png,193,422
00e606e4-fc82-4dd9-982e-52cb6a1872ce.png,134,158
00e606e4-fc82-4dd9-982e-52cb6a1872ce.png,188,158
00e606e4-fc82-4dd9-982e-52cb6a1872ce.png,208,168
00e606e4-fc82-4dd9-982e-52cb6a1872ce.png,206,124
00e606e4-fc82-4dd9-982e-52cb6a1872ce.png,127,87
00e606e4-fc82-4dd9-982e-52cb6a1872ce.png,63,112
00e606e4-fc82-4dd9-982e-52cb6a1872ce.png,27,322
00e606e4-fc82-4dd9-982e-52cb6a1872ce.png,35,420
00e606e4-fc82-4dd9-982e-52cb6a1872ce.png,84,449
00e606e4-fc82-4dd9-982e-52cb6a1872ce.png,219,469
00e606e4-fc82-4dd9-982e-52cb6a1872ce.png,270,417
00e606e4-fc82-4dd9-982e-52cb6a1872ce.png,294,295
00e606e4-fc82-4dd9-982e-52cb6a1872ce.png,288,218
00eb6fbe-bf85-40d2-bad2-af068c3b12ca.png,265,204
00eb6fbe-bf85-40d2-bad2-af068c3b12ca.png,265,151
00eb6fbe-bf85-40d2-bad2-af068c3b12ca.png,220,122
00eb6fbe-bf85-40d2-bad2-af068c3b12ca.png,177,91
00eb6fbe-bf85-40d2-bad2-af068c3b12ca.png,137,161
00eb6fbe-bf85-40d2-bad2-af068c3b12ca.png,79,183
00eb6fbe-bf85-40d2-bad2-af068c3b12ca.png,50,161
00eb6fbe-bf85-40d2-bad2-af068c3b12ca.png,128,74
00eb6fbe-bf85-40d2-bad2-af068c3b12ca.png,233,182
00eb6fbe-bf85-40d2-bad2-af068c3b12ca.png,269,221
00eb6fbe-bf85-40d2-bad2-af068c3b12ca.png,269,341
00eb6fbe-bf85-40d2-bad2-af068c3b12ca.png,191,405
00eb6fbe-bf85-40d2-bad2-af068c3b12ca.png,170,427
01070620-a886-4ea9-a16e-1b64386825c1.png,209,357
01070620-a886-4ea9-a16e-1b64386825c1.png,263,313
01070620-a886-4ea9-a16e-1b64386825c1.png,266,190
01070620-a886-4ea9-a16e-1b64386825c1.png,150,97
01070620-a886-4ea9-a16e-1b64386825c1.png,63,172
01160054-6e89-4cd5-a59a-bb358bc8d694.png,51,166
01160054-6e89-4cd5-a59a-bb358bc8d694.png,124,126
01160054-6e89-4cd5-a59a-bb358bc8d694.png,179,128
01160054-6e89-4cd5-a59a-bb358bc8d694.png,224,167
01160054-6e89-4cd5-a59a-bb358bc8d694.png,259,326
01160054-6e89-4cd5-a59a-bb358bc8d694.png,279,432
01160054-6e89-4cd5-a59a-bb358bc8d694.png,127,431
01160054-6e89-4cd5-a59a-bb358bc8d694.png,57,420
01165d1f-124f-4351-b7ca-b471f2c0e46f.png,69,404
01165d1f-124f-4351-b7ca-b471f2c0e46f.png,137,433
01165d1f-124f-4351-b7ca-b471f2c0e46f.png,219,441
01165d1f-124f-4351-b7ca-b471f2c0e46f.png,276,416
01165d1f-124f-4351-b7ca-b471f2c0e46f.png,248,361
01165d1f-124f-4351-b7ca-b471f2c0e46f.png,35,212
01165d1f-124f-4351-b7ca-b471f2c0e46f.png,120,173
01165d1f-124f-4351-b7ca-b471f2c0e46f.png,197,112
01165d1f-124f-4351-b7ca-b471f2c0e46f.png,263,115
01165d1f-124f-4351-b7ca-b471f2c0e46f.png,114,220
013d94a1-b90b-42cb-88ec-6c08df179250.png,122,298
013d94a1-b90b-42cb-88ec-6c08df179250.png,162,237
013d94a1-b90b-42cb-88ec-6c08df179250.png,223,232
013d94a1-b90b-42cb-88ec-6c08df179250.png,262,185
013d94a1-b90b-42cb-88ec-6c08df179250.png,280,429
013d94a1-b90b-42cb-88ec-6c08df179250.png,235,449
013d94a1-b90b-42cb-88ec-6c08df179250.png,116,448
013d94a1-b90b-42cb-88ec-6c08df179250.png,66,448
013d94a1-b90b-42cb-88ec-6c08df179250.png,49,285
013d94a1-b90b-42cb-88ec-6c08df179250.png,52,213
016bec92-d6db-4442-866b-c7b8656623c1.png,84,198
016bec92-d6db-4442-866b-c7b8656623c1.png,39,156
016bec92-d6db-4442-866b-c7b8656623c1.png,45,115
016bec92-d6db-4442-866b-c7b8656623c1.png,26,290
016bec92-d6db-4442-866b-c7b8656623c1.png,39,388
016bec92-d6db-4442-866b-c7b8656623c1.png,196,455
016bec92-d6db-4442-866b-c7b8656623c1.png,268,368
016bec92-d6db-4442-866b-c7b8656623c1.png,268,293
016cd3fa-3656-4e84-ad2e-66fe251a80b4.png,280,356
016cd3fa-3656-4e84-ad2e-66fe251a80b4.png,274,450
016cd3fa-3656-4e84-ad2e-66fe251a80b4.png,161,449
016cd3fa-3656-4e84-ad2e-66fe251a80b4.png,55,426
016cd3fa-3656-4e84-ad2e-66fe251a80b4.png,65,205
018ad4b5-fa19-40cf-88d5-cd03c57bee8d.png,275,320
018ad4b5-fa19-40cf-88d5-cd03c57bee8d.png,273,372
018ad4b5-fa19-40cf-88d5-cd03c57bee8d.png,294,257
018ad4b5-fa19-40cf-88d5-cd03c57bee8d.png,56,294
018ad4b5-fa19-40cf-88d5-cd03c57bee8d.png,27,346
018ad4b5-fa19-40cf-88d5-cd03c57bee8d.png,54,380
018ad4b5-fa19-40cf-88d5-cd03c57bee8d.png,41,207
0196ff7b-5587-4b0b-9881-2391c98af76c.png,149,234
0196ff7b-5587-4b0b-9881-2391c98af76c.png,189,235
0196ff7b-5587-4b0b-9881-2391c98af76c.png,217,235
0196ff7b-5587-4b0b-9881-2391c98af76c.png,262,235
0196ff7b-5587-4b0b-9881-2391c98af76c.png,286,236
0196ff7b-5587-4b0b-9881-2391c98af76c.png,287,269
0196ff7b-5587-4b0b-9881-2391c98af76c.png,285,306
0196ff7b-5587-4b0b-9881-2391c98af76c.png,283,337
0196ff7b-5587-4b0b-9881-2391c98af76c.png,283,352
0196ff7b-5587-4b0b-9881-2391c98af76c.png,212,349
0196ff7b-5587-4b0b-9881-2391c98af76c.png,184,342
0196ff7b-5587-4b0b-9881-2391c98af76c.png,101,334
0196ff7b-5587-4b0b-9881-2391c98af76c.png,43,339
0196ff7b-5587-4b0b-9881-2391c98af76c.png,23,247
01ca7d44-cdc3-4900-a35f-05e310bd300b.png,23,256
01e55fb1-0a66-46e7-972e-4c10497977f5.png,220,178
01e55fb1-0a66-46e7-972e-4c10497977f5.png,175,146
01e55fb1-0a66-46e7-972e-4c10497977f5.png,60,129
01e55fb1-0a66-46e7-972e-4c10497977f5.png,61,424
01e55fb1-0a66-46e7-972e-4c10497977f5.png,145,430
01e55fb1-0a66-46e7-972e-4c10497977f5.png,236,437
01f746f2-32b2-4b0c-aa7d-214e7725b5d5.png,233,115
01f746f2-32b2-4b0c-aa7d-214e7725b5d5.png,165,180
01f746f2-32b2-4b0c-aa7d-214e7725b5d5.png,40,151
01f746f2-32b2-4b0c-aa7d-214e7725b5d5.png,56,280
01f746f2-32b2-4b0c-aa7d-214e7725b5d5.png,41,343
01f746f2-32b2-4b0c-aa7d-214e7725b5d5.png,57,425
01f746f2-32b2-4b0c-aa7d-214e7725b5d5.png,119,443
01f746f2-32b2-4b0c-aa7d-214e7725b5d5.png,226,417
01f746f2-32b2-4b0c-aa7d-214e7725b5d5.png,272,402
021bc41a-f0a9-45e2-bf88-a5b4e8508e89.png,199,147
021bc41a-f0a9-45e2-bf88-a5b4e8508e89.png,240,108
021bc41a-f0a9-45e2-bf88-a5b4e8508e89.png,158,108
021bc41a-f0a9-45e2-bf88-a5b4e8508e89.png,85,108
021bc41a-f0a9-45e2-bf88-a5b4e8508e89.png,50,123
021bc41a-f0a9-45e2-bf88-a5b4e8508e89.png,23,260
021bc41a-f0a9-45e2-bf88-a5b4e8508e89.png,51,299
021bc41a-f0a9-45e2-bf88-a5b4e8508e89.png,36,402
021bc41a-f0a9-45e2-bf88-a5b4e8508e89.png,86,441
021bc41a-f0a9-45e2-bf88-a5b4e8508e89.png,129,437
021bc41a-f0a9-45e2-bf88-a5b4e8508e89.png,167,437
021bc41a-f0a9-45e2-bf88-a5b4e8508e89.png,220,427
021bc41a-f0a9-45e2-bf88-a5b4e8508e89.png,251,427
021bc41a-f0a9-45e2-bf88-a5b4e8508e89.png,272,423
023a938d-b279-4f59-be8b-b075c8da3ff0.png,260,188
023a938d-b279-4f59-be8b-b075c8da3ff0.png,236,115
023a938d-b279-4f59-be8b-b075c8da3ff0.png,193,137
023a938d-b279-4f59-be8b-b075c8da3ff0.png,34,259
023a938d-b279-4f59-be8b-b075c8da3ff0.png,87,282
0254d9f4-5a58-4c97-9afd-596923f283ce.png,69,197
0254d9f4-5a58-4c97-9afd-596923f283ce.png,106,149
0254d9f4-5a58-4c97-9afd-596923f283ce.png,182,145
0254d9f4-5a58-4c97-9afd-596923f283ce.png,247,152
0254d9f4-5a58-4c97-9afd-596923f283ce.png,266,198
0254d9f4-5a58-4c97-9afd-596923f283ce.png,271,324
0254d9f4-5a58-4c97-9afd-596923f283ce.png,255,402
0254d9f4-5a58-4c97-9afd-596923f283ce.png,141,427
0254d9f4-5a58-4c97-9afd-596923f283ce.png,92,427
02778bb5-2740-4fa4-8c28-393ba328a11f.png,67,411
02778bb5-2740-4fa4-8c28-393ba328a11f.png,57,128
02778bb5-2740-4fa4-8c28-393ba328a11f.png,142,121
02778bb5-2740-4fa4-8c28-393ba328a11f.png,211,118
02778bb5-2740-4fa4-8c28-393ba328a11f.png,254,141
02778bb5-2740-4fa4-8c28-393ba328a11f.png,276,250
02778bb5-2740-4fa4-8c28-393ba328a11f.png,279,399
02778bb5-2740-4fa4-8c28-393ba328a11f.png,269,450
02778bb5-2740-4fa4-8c28-393ba328a11f.png,77,420
02778bb5-2740-4fa4-8c28-393ba328a11f.png,140,444
028405a0-2a1e-4f68-8720-eabb683ef04e.png,74,167
028405a0-2a1e-4f68-8720-eabb683ef04e.png,155,139
028405a0-2a1e-4f68-8720-eabb683ef04e.png,236,129
028405a0-2a1e-4f68-8720-eabb683ef04e.png,261,216
028405a0-2a1e-4f68-8720-eabb683ef04e.png,247,285
028405a0-2a1e-4f68-8720-eabb683ef04e.png,249,464
028405a0-2a1e-4f68-8720-eabb683ef04e.png,59,451
028405a0-2a1e-4f68-8720-eabb683ef04e.png,68,210
02f03dc9-8bd5-4915-b7f8-d5c281b3c435.png,41,409
02f03dc9-8bd5-4915-b7f8-d5c281b3c435.png,212,392
02f03dc9-8bd5-4915-b7f8-d5c281b3c435.png,264,372
02f03dc9-8bd5-4915-b7f8-d5c281b3c435.png,276,321
02f03dc9-8bd5-4915-b7f8-d5c281b3c435.png,281,266
02f03dc9-8bd5-4915-b7f8-d5c281b3c435.png,281,220
02f03dc9-8bd5-4915-b7f8-d5c281b3c435.png,230,212
02f03dc9-8bd5-4915-b7f8-d5c281b3c435.png,150,210
02f03dc9-8bd5-4915-b7f8-d5c281b3c435.png,79,222
03080482-a129-47c1-9d81-dc88f19abd21.png,67,299
03080482-a129-47c1-9d81-dc88f19abd21.png,105,247
03080482-a129-47c1-9d81-dc88f19abd21.png,149,220
03080482-a129-47c1-9d81-dc88f19abd21.png,191,208
03080482-a129-47c1-9d81-dc88f19abd21.png,230,194
03080482-a129-47c1-9d81-dc88f19abd21.png,274,184
03080482-a129-47c1-9d81-dc88f19abd21.png,277,280
03080482-a129-47c1-9d81-dc88f19abd21.png,264,354
03080482-a129-47c1-9d81-dc88f19abd21.png,201,375
03080482-a129-47c1-9d81-dc88f19abd21.png,135,394
03080482-a129-47c1-9d81-dc88f19abd21.png,96,423
0314e5e4-c6ac-4d05-b670-5f25929f6532.png,145,440
0314e5e4-c6ac-4d05-b670-5f25929f6532.png,213,436
0314e5e4-c6ac-4d05-b670-5f25929f6532.png,51,163
0314e5e4-c6ac-4d05-b670-5f25929f6532.png,178,147
032678b8-425d-4443-ad2b-d0dfa8f28889.png,138,356
032678b8-425d-4443-ad2b-d0dfa8f28889.png,174,323
032678b8-425d-4443-ad2b-d0dfa8f28889.png,131,299
032678b8-425d-4443-ad2b-d0dfa8f28889.png,83,300
032678b8-425d-4443-ad2b-d0dfa8f28889.png,87,343
032678b8-425d-4443-ad2b-d0dfa8f28889.png,112,379
032678b8-425d-4443-ad2b-d0dfa8f28889.png,160,372
032fc38f-9c19-4eeb-96b7-7d1b0a7a5c5b.png,248,191
032fc38f-9c19-4eeb-96b7-7d1b0a7a5c5b.png,269,165
032fc38f-9c19-4eeb-96b7-7d1b0a7a5c5b.png,208,113
032fc38f-9c19-4eeb-96b7-7d1b0a7a5c5b.png,85,102
032fc38f-9c19-4eeb-96b7-7d1b0a7a5c5b.png,27,128
032fc38f-9c19-4eeb-96b7-7d1b0a7a5c5b.png,228,400
032fc38f-9c19-4eeb-96b7-7d1b0a7a5c5b.png,278,339
032fc38f-9c19-4eeb-96b7-7d1b0a7a5c5b.png,262,234
032fc38f-9c19-4eeb-96b7-7d1b0a7a5c5b.png,195,240
03332134-5d7f-45e3-ab7a-ae1989c2ee64.png,118,429
03332134-5d7f-45e3-ab7a-ae1989c2ee64.png,176,449
03332134-5d7f-45e3-ab7a-ae1989c2ee64.png,258,452
03332134-5d7f-45e3-ab7a-ae1989c2ee64.png,64,298
03332134-5d7f-45e3-ab7a-ae1989c2ee64.png,71,170
03332134-5d7f-45e3-ab7a-ae1989c2ee64.png,135,136
03332134-5d7f-45e3-ab7a-ae1989c2ee64.png,153,104
03382838-5bbf-4757-bbb4-f184c25e8cbd.png,84,234
03382838-5bbf-4757-bbb4-f184c25e8cbd.png,36,293
03a5db53-764e-4d40-9c9e-10effce7c475.png,207,138
03a5db53-764e-4d40-9c9e-10effce7c475.png,137,139
03a5db53-764e-4d40-9c9e-10effce7c475.png,80,134
03a5db53-764e-4d40-9c9e-10effce7c475.png,43,127
03a5db53-764e-4d40-9c9e-10effce7c475.png,39,234
03a5db53-764e-4d40-9c9e-10effce7c475.png,77,319
03a5db53-764e-4d40-9c9e-10effce7c475.png,62,399
03a5db53-764e-4d40-9c9e-10effce7c475.png,126,423
03a5db53-764e-4d40-9c9e-10effce7c475.png,212,420
04075b73-1d0f-4f39-a8bf-3dc22aa08b68.png,258,198
04075b73-1d0f-4f39-a8bf-3dc22aa08b68.png,142,198
04075b73-1d0f-4f39-a8bf-3dc22aa08b68.png,92,192
04075b73-1d0f-4f39-a8bf-3dc22aa08b68.png,46,401
04075b73-1d0f-4f39-a8bf-3dc22aa08b68.png,147,406
04075b73-1d0f-4f39-a8bf-3dc22aa08b68.png,234,411
0422a1f1-f04d-451f-b01f-c818f07c4877.png,284,462
0422a1f1-f04d-451f-b01f-c818f07c4877.png,281,313
0422a1f1-f04d-451f-b01f-c818f07c4877.png,116,298
045615b0-9791-49ce-9ae2-7b565ed5e3eb.png,90,244
045615b0-9791-49ce-9ae2-7b565ed5e3eb.png,87,136
045615b0-9791-49ce-9ae2-7b565ed5e3eb.png,205,339
04ef18f8-43f5-4b5a-a3c3-40894d4ea712.png,273,103
04ef18f8-43f5-4b5a-a3c3-40894d4ea712.png,282,145
04ef18f8-43f5-4b5a-a3c3-40894d4ea712.png,291,193
0505aea9-56ac-494b-a406-3f9155ea5eb5.png,256,338
0505aea9-56ac-494b-a406-3f9155ea5eb5.png,256,391
0505aea9-56ac-494b-a406-3f9155ea5eb5.png,205,417
0505aea9-56ac-494b-a406-3f9155ea5eb5.png,118,417
0505aea9-56ac-494b-a406-3f9155ea5eb5.png,77,415
0505aea9-56ac-494b-a406-3f9155ea5eb5.png,237,118
0505aea9-56ac-494b-a406-3f9155ea5eb5.png,259,161
055e00a7-3e31-4bca-8cd2-8eb992bac308.png,267,196
055e00a7-3e31-4bca-8cd2-8eb992bac308.png,144,196
055e00a7-3e31-4bca-8cd2-8eb992bac308.png,37,200
055e00a7-3e31-4bca-8cd2-8eb992bac308.png,57,352
0591c463-6e0b-4f06-9a0e-a534cf9234f2.png,257,293
0591c463-6e0b-4f06-9a0e-a534cf9234f2.png,181,184
0591c463-6e0b-4f06-9a0e-a534cf9234f2.png,92,146
0591c463-6e0b-4f06-9a0e-a534cf9234f2.png,42,136
05e91933-dda0-44f4-990e-fb1d82c5c638.png,122,234
05e91933-dda0-44f4-990e-fb1d82c5c638.png,191,268
05e91933-dda0-44f4-990e-fb1d82c5c638.png,275,341
05e91933-dda0-44f4-990e-fb1d82c5c638.png,292,442
05e91933-dda0-44f4-990e-fb1d82c5c638.png,164,470
060fb9ed-65e3-4258-bfb7-5af4d21245dc.png,228,244
060fb9ed-65e3-4258-bfb7-5af4d21245dc.png,279,253
060fb9ed-65e3-4258-bfb7-5af4d21245dc.png,122,417
060fb9ed-65e3-4258-bfb7-5af4d21245dc.png,75,358
060fb9ed-65e3-4258-bfb7-5af4d21245dc.png,56,285
060fb9ed-65e3-4258-bfb7-5af4d21245dc.png,56,243
06107cc4-d106-476c-8fa0-d2629c67db21.png,70,301
06107cc4-d106-476c-8fa0-d2629c67db21.png,161,223
06107cc4-d106-476c-8fa0-d2629c67db21.png,205,176
06107cc4-d106-476c-8fa0-d2629c67db21.png,251,126
06107cc4-d106-476c-8fa0-d2629c67db21.png,282,126
06107cc4-d106-476c-8fa0-d2629c67db21.png,280,266
06107cc4-d106-476c-8fa0-d2629c67db21.png,263,351
06107cc4-d106-476c-8fa0-d2629c67db21.png,261,428
06107cc4-d106-476c-8fa0-d2629c67db21.png,259,470
06107cc4-d106-476c-8fa0-d2629c67db21.png,193,470
06107cc4-d106-476c-8fa0-d2629c67db21.png,90,470
06107cc4-d106-476c-8fa0-d2629c67db21.png,52,460
06107cc4-d106-476c-8fa0-d2629c67db21.png,19,328
06107cc4-d106-476c-8fa0-d2629c67db21.png,43,276
06107cc4-d106-476c-8fa0-d2629c67db21.png,54,281
06107cc4-d106-476c-8fa0-d2629c67db21.png,172,208
06107cc4-d106-476c-8fa0-d2629c67db21.png,237,82
06107cc4-d106-476c-8fa0-d2629c67db21.png,264,139
06107cc4-d106-476c-8fa0-d2629c67db21.png,264,262
06107cc4-d106-476c-8fa0-d2629c67db21.png,260,350
06154b53-54b6-4fd5-b64e-9d04fbf32b1b.png,253,305
06154b53-54b6-4fd5-b64e-9d04fbf32b1b.png,272,397
06154b53-54b6-4fd5-b64e-9d04fbf32b1b.png,200,448
06154b53-54b6-4fd5-b64e-9d04fbf32b1b.png,91,448
06154b53-54b6-4fd5-b64e-9d04fbf32b1b.png,44,442
06154b53-54b6-4fd5-b64e-9d04fbf32b1b.png,25,330
06235fdd-6d85-483f-a273-6d729778b54c.png,57,442
06235fdd-6d85-483f-a273-6d729778b54c.png,102,446
06235fdd-6d85-483f-a273-6d729778b54c.png,129,450
06235fdd-6d85-483f-a273-6d729778b54c.png,150,450
06235fdd-6d85-483f-a273-6d729778b54c.png,186,450
06235fdd-6d85-483f-a273-6d729778b54c.png,215,456
06235fdd-6d85-483f-a273-6d729778b54c.png,91,341
06235fdd-6d85-483f-a273-6d729778b54c.png,256,344
06235fdd-6d85-483f-a273-6d729778b54c.png,280,147
063cf82c-7600-48f9-8b1a-3644c27a13d7.png,241,99
063cf82c-7600-48f9-8b1a-3644c27a13d7.png,170,460
063e1c0c-293c-4282-a307-c77fd3b74dbb.png,49,227
063e1c0c-293c-4282-a307-c77fd3b74dbb.png,49,178
063e1c0c-293c-4282-a307-c77fd3b74dbb.png,54,132
063e1c0c-293c-4282-a307-c77fd3b74dbb.png,128,125
063e1c0c-293c-4282-a307-c77fd3b74dbb.png,200,117
063e1c0c-293c-4282-a307-c77fd3b74dbb.png,275,154
063e1c0c-293c-4282-a307-c77fd3b74dbb.png,285,298
063e1c0c-293c-4282-a307-c77fd3b74dbb.png,283,360
063e1c0c-293c-4282-a307-c77fd3b74dbb.png,233,417
063e1c0c-293c-4282-a307-c77fd3b74dbb.png,164,431
063e1c0c-293c-4282-a307-c77fd3b74dbb.png,81,414
063e1c0c-293c-4282-a307-c77fd3b74dbb.png,39,414
06a8d54c-2607-45ee-acb2-b1ed6e77a285.png,46,449
06a8d54c-2607-45ee-acb2-b1ed6e77a285.png,134,467
06a8d54c-2607-45ee-acb2-b1ed6e77a285.png,239,457
06a8d54c-2607-45ee-acb2-b1ed6e77a285.png,298,433
06a8d54c-2607-45ee-acb2-b1ed6e77a285.png,274,320
06a8d54c-2607-45ee-acb2-b1ed6e77a285.png,247,259
06b875e7-d8f5-488c-8524-e68d42d3b5f9.png,249,137
06b875e7-d8f5-488c-8524-e68d42d3b5f9.png,267,256
06b875e7-d8f5-488c-8524-e68d42d3b5f9.png,267,331
06b875e7-d8f5-488c-8524-e68d42d3b5f9.png,252,424
06dd8186-8c4b-433c-bd94-9f3603e85736.png,73,288
06dd8186-8c4b-433c-bd94-9f3603e85736.png,132,288
06dd8186-8c4b-433c-bd94-9f3603e85736.png,186,238
06dd8186-8c4b-433c-bd94-9f3603e85736.png,243,389
06dd8186-8c4b-433c-bd94-9f3603e85736.png,225,440
06dd8186-8c4b-433c-bd94-9f3603e85736.png,142,456
06dd8186-8c4b-433c-bd94-9f3603e85736.png,77,452
06dd8186-8c4b-433c-bd94-9f3603e85736.png,53,452
06dd8186-8c4b-433c-bd94-9f3603e85736.png,208,218
06dd8186-8c4b-433c-bd94-9f3603e85736.png,252,158
06dd8186-8c4b-433c-bd94-9f3603e85736.png,290,142
06dd8186-8c4b-433c-bd94-9f3603e85736.png,41,227
06f6582f-c457-4880-81df-cdd9570bd183.png,232,317
06f6582f-c457-4880-81df-cdd9570bd183.png,230,286
06f6582f-c457-4880-81df-cdd9570bd183.png,242,295
06f6582f-c457-4880-81df-cdd9570bd183.png,184,219
06f6582f-c457-4880-81df-cdd9570bd183.png,129,171
06f6582f-c457-4880-81df-cdd9570bd183.png,40,357
06f6582f-c457-4880-81df-cdd9570bd183.png,270,407
075295ef-d27b-46cc-9006-6f25b8c261f8.png,160,429
075295ef-d27b-46cc-9006-6f25b8c261f8.png,286,269
075295ef-d27b-46cc-9006-6f25b8c261f8.png,235,148
075295ef-d27b-46cc-9006-6f25b8c261f8.png,53,173
079290c6-da29-4d15-9576-7e91e8bfac09.png,124,170
079290c6-da29-4d15-9576-7e91e8bfac09.png,211,170
079290c6-da29-4d15-9576-7e91e8bfac09.png,242,75
079290c6-da29-4d15-9576-7e91e8bfac09.png,123,79
079290c6-da29-4d15-9576-7e91e8bfac09.png,82,111
079290c6-da29-4d15-9576-7e91e8bfac09.png,61,195
079290c6-da29-4d15-9576-7e91e8bfac09.png,32,400
079290c6-da29-4d15-9576-7e91e8bfac09.png,136,396
079290c6-da29-4d15-9576-7e91e8bfac09.png,193,397
07a9008e-3d12-4219-b8e0-aeba68a9cfc1.png,140,283
07a9008e-3d12-4219-b8e0-aeba68a9cfc1.png,80,247
07a9008e-3d12-4219-b8e0-aeba68a9cfc1.png,57,351
07a9008e-3d12-4219-b8e0-aeba68a9cfc1.png,51,261
07a9008e-3d12-4219-b8e0-aeba68a9cfc1.png,72,224
07a9008e-3d12-4219-b8e0-aeba68a9cfc1.png,45,208
07a9008e-3d12-4219-b8e0-aeba68a9cfc1.png,144,199
07ceb543-07d9-4a9b-900a-a4d4523ba1aa.png,217,397
07ceb543-07d9-4a9b-900a-a4d4523ba1aa.png,106,409
07ceb543-07d9-4a9b-900a-a4d4523ba1aa.png,90,363
07ceb543-07d9-4a9b-900a-a4d4523ba1aa.png,54,208
07ceb543-07d9-4a9b-900a-a4d4523ba1aa.png,53,142
07ceb543-07d9-4a9b-900a-a4d4523ba1aa.png,139,129
07ceb543-07d9-4a9b-900a-a4d4523ba1aa.png,181,134
07ceb543-07d9-4a9b-900a-a4d4523ba1aa.png,270,371
080558b1-5907-48f4-82c6-d4f317f9e454.png,244,274
080558b1-5907-48f4-82c6-d4f317f9e454.png,259,198
080558b1-5907-48f4-82c6-d4f317f9e454.png,233,219
080558b1-5907-48f4-82c6-d4f317f9e454.png,258,245
080558b1-5907-48f4-82c6-d4f317f9e454.png,99,264
080558b1-5907-48f4-82c6-d4f317f9e454.png,61,243
080558b1-5907-48f4-82c6-d4f317f9e454.png,29,219
080558b1-5907-48f4-82c6-d4f317f9e454.png,31,274
0829e127-f66f-454b-b92e-c6b5514838f5.png,237,377
0829e127-f66f-454b-b92e-c6b5514838f5.png,284,376
0829e127-f66f-454b-b92e-c6b5514838f5.png,76,415
0829e127-f66f-454b-b92e-c6b5514838f5.png,46,356
0829e127-f66f-454b-b92e-c6b5514838f5.png,45,199
0829e127-f66f-454b-b92e-c6b5514838f5.png,210,211
08316ef6-2989-447f-b6eb-c91d2fd1b9cd.png,276,348
08316ef6-2989-447f-b6eb-c91d2fd1b9cd.png,288,218
08316ef6-2989-447f-b6eb-c91d2fd1b9cd.png,207,198
08316ef6-2989-447f-b6eb-c91d2fd1b9cd.png,134,226
08316ef6-2989-447f-b6eb-c91d2fd1b9cd.png,153,309
08316ef6-2989-447f-b6eb-c91d2fd1b9cd.png,163,347
08316ef6-2989-447f-b6eb-c91d2fd1b9cd.png,246,329
0859ec80-63d2-4fb9-a819-4b6d56e72e90.png,279,327
0859ec80-63d2-4fb9-a819-4b6d56e72e90.png,275,183
0859ec80-63d2-4fb9-a819-4b6d56e72e90.png,194,190
0859ec80-63d2-4fb9-a819-4b6d56e72e90.png,76,130
0859ec80-63d2-4fb9-a819-4b6d56e72e90.png,49,192
0859ec80-63d2-4fb9-a819-4b6d56e72e90.png,35,307
0859ec80-63d2-4fb9-a819-4b6d56e72e90.png,30,383
0859ec80-63d2-4fb9-a819-4b6d56e72e90.png,184,376
0859ec80-63d2-4fb9-a819-4b6d56e72e90.png,252,337
085b520b-b023-4abe-b3db-46433fc802f7.png,263,275
085b520b-b023-4abe-b3db-46433fc802f7.png,265,154
085b520b-b023-4abe-b3db-46433fc802f7.png,139,137
085b520b-b023-4abe-b3db-46433fc802f7.png,96,284
085b520b-b023-4abe-b3db-46433fc802f7.png,157,307
085b520b-b023-4abe-b3db-46433fc802f7.png,214,316
085b520b-b023-4abe-b3db-46433fc802f7.png,187,401
085b520b-b023-4abe-b3db-46433fc802f7.png,67,391
08710872-ff1b-489f-acb1-083ddc894922.png,83,300
08710872-ff1b-489f-acb1-083ddc894922.png,123,328
08710872-ff1b-489f-acb1-083ddc894922.png,208,321
08710872-ff1b-489f-acb1-083ddc894922.png,224,213
08710872-ff1b-489f-acb1-083ddc894922.png,115,270
08b83744-29f1-47a4-85bc-311fec1f13a7.png,124,186
08b83744-29f1-47a4-85bc-311fec1f13a7.png,205,129
08b83744-29f1-47a4-85bc-311fec1f13a7.png,276,226
08b83744-29f1-47a4-85bc-311fec1f13a7.png,260,374
08be066f-55ad-4f84-985e-07d2068cad4b.png,104,260
08be066f-55ad-4f84-985e-07d2068cad4b.png,135,218
08be066f-55ad-4f84-985e-07d2068cad4b.png,232,195
08be066f-55ad-4f84-985e-07d2068cad4b.png,258,228
08be066f-55ad-4f84-985e-07d2068cad4b.png,274,304
08cc98e3-af02-412c-8da1-523561ae138c.png,222,349
08cc98e3-af02-412c-8da1-523561ae138c.png,260,148
08cc98e3-af02-412c-8da1-523561ae138c.png,179,122
08cc98e3-af02-412c-8da1-523561ae138c.png,90,219
08cc98e3-af02-412c-8da1-523561ae138c.png,124,248
0909b572-653f-462d-9808-287b718b6224.png,53,294
0909b572-653f-462d-9808-287b718b6224.png,94,233
0909b572-653f-462d-9808-287b718b6224.png,106,76
0909b572-653f-462d-9808-287b718b6224.png,267,171
0909b572-653f-462d-9808-287b718b6224.png,200,234
0909b572-653f-462d-9808-287b718b6224.png,202,295
0909b572-653f-462d-9808-287b718b6224.png,190,457
0909b572-653f-462d-9808-287b718b6224.png,132,456
0909b572-653f-462d-9808-287b718b6224.png,60,446
0947402b-4a56-4043-a36b-32a42174b09a.png,95,416
0947402b-4a56-4043-a36b-32a42174b09a.png,135,368
0947402b-4a56-4043-a36b-32a42174b09a.png,256,281
0947402b-4a56-4043-a36b-32a42174b09a.png,277,247
0947402b-4a56-4043-a36b-32a42174b09a.png,277,314
0947402b-4a56-4043-a36b-32a42174b09a.png,4,318
0947402b-4a56-4043-a36b-32a42174b09a.png,44,299
0947402b-4a56-4043-a36b-32a42174b09a.png,45,272
0947402b-4a56-4043-a36b-32a42174b09a.png,45,307
0947402b-4a56-4043-a36b-32a42174b09a.png,45,332
0947402b-4a56-4043-a36b-32a42174b09a.png,93,150
0947402b-4a56-4043-a36b-32a42174b09a.png,92,131
0947402b-4a56-4043-a36b-32a42174b09a.png,80,133
0947402b-4a56-4043-a36b-32a42174b09a.png,67,155
0947402b-4a56-4043-a36b-32a42174b09a.png,55,154
0947402b-4a56-4043-a36b-32a42174b09a.png,269,135
0947402b-4a56-4043-a36b-32a42174b09a.png,258,128
0947402b-4a56-4043-a36b-32a42174b09a.png,247,121
0947402b-4a56-4043-a36b-32a42174b09a.png,247,142
0947402b-4a56-4043-a36b-32a42174b09a.png,247,158
094d895e-0dca-408c-9395-b6021650810e.png,225,295
094d895e-0dca-408c-9395-b6021650810e.png,225,341
094d895e-0dca-408c-9395-b6021650810e.png,225,402
094d895e-0dca-408c-9395-b6021650810e.png,224,431
094d895e-0dca-408c-9395-b6021650810e.png,152,431
094d895e-0dca-408c-9395-b6021650810e.png,89,431
094d895e-0dca-408c-9395-b6021650810e.png,43,332
094d895e-0dca-408c-9395-b6021650810e.png,41,218
094d895e-0dca-408c-9395-b6021650810e.png,56,125
0968aa01-80bc-4de1-ae02-4ee7df284c8b.png,275,166
0968aa01-80bc-4de1-ae02-4ee7df284c8b.png,275,114
0968aa01-80bc-4de1-ae02-4ee7df284c8b.png,203,112
0968aa01-80bc-4de1-ae02-4ee7df284c8b.png,137,112
0968aa01-80bc-4de1-ae02-4ee7df284c8b.png,74,112
0968aa01-80bc-4de1-ae02-4ee7df284c8b.png,41,112
0968aa01-80bc-4de1-ae02-4ee7df284c8b.png,21,339
0968aa01-80bc-4de1-ae02-4ee7df284c8b.png,44,417
0968aa01-80bc-4de1-ae02-4ee7df284c8b.png,197,407
096d36ae-3907-4a81-903d-256fc5d69ac9.png,246,348
096d36ae-3907-4a81-903d-256fc5d69ac9.png,246,256
096d36ae-3907-4a81-903d-256fc5d69ac9.png,254,143
096d36ae-3907-4a81-903d-256fc5d69ac9.png,254,112
096d36ae-3907-4a81-903d-256fc5d69ac9.png,123,130
096d36ae-3907-4a81-903d-256fc5d69ac9.png,84,130
096d36ae-3907-4a81-903d-256fc5d69ac9.png,53,392
096d36ae-3907-4a81-903d-256fc5d69ac9.png,104,440
096d36ae-3907-4a81-903d-256fc5d69ac9.png,192,422
09705d77-356c-4bff-8ded-b552e018b36f.png,144,445
09705d77-356c-4bff-8ded-b552e018b36f.png,231,430
09705d77-356c-4bff-8ded-b552e018b36f.png,264,371
09705d77-356c-4bff-8ded-b552e018b36f.png,267,179
09705d77-356c-4bff-8ded-b552e018b36f.png,266,110
09705d77-356c-4bff-8ded-b552e018b36f.png,182,200
09705d77-356c-4bff-8ded-b552e018b36f.png,48,138
09705d77-356c-4bff-8ded-b552e018b36f.png,73,113
09705d77-356c-4bff-8ded-b552e018b36f.png,50,414
09705d77-356c-4bff-8ded-b552e018b36f.png,122,428
09705d77-356c-4bff-8ded-b552e018b36f.png,96,338
09705d77-356c-4bff-8ded-b552e018b36f.png,205,472
0982c8b8-4d5b-4835-a661-57194ab15683.png,232,422
0982c8b8-4d5b-4835-a661-57194ab15683.png,257,367
0982c8b8-4d5b-4835-a661-57194ab15683.png,187,367
0982c8b8-4d5b-4835-a661-57194ab15683.png,125,366
0982c8b8-4d5b-4835-a661-57194ab15683.png,110,327
0982c8b8-4d5b-4835-a661-57194ab15683.png,137,327
0982c8b8-4d5b-4835-a661-57194ab15683.png,66,190
0982c8b8-4d5b-4835-a661-57194ab15683.png,89,100
0982c8b8-4d5b-4835-a661-57194ab15683.png,121,97
0982c8b8-4d5b-4835-a661-57194ab15683.png,111,145
0982c8b8-4d5b-4835-a661-57194ab15683.png,22,86
0982c8b8-4d5b-4835-a661-57194ab15683.png,234,365
0982c8b8-4d5b-4835-a661-57194ab15683.png,274,389
09c29628-0bfb-4766-a2ca-cbdef1940455.png,228,171
09c29628-0bfb-4766-a2ca-cbdef1940455.png,239,150
09c29628-0bfb-4766-a2ca-cbdef1940455.png,138,127
09c29628-0bfb-4766-a2ca-cbdef1940455.png,75,109
09c29628-0bfb-4766-a2ca-cbdef1940455.png,34,111
09c29628-0bfb-4766-a2ca-cbdef1940455.png,33,296
09c29628-0bfb-4766-a2ca-cbdef1940455.png,116,271
09c29628-0bfb-4766-a2ca-cbdef1940455.png,160,225
09c29628-0bfb-4766-a2ca-cbdef1940455.png,222,335
09c29628-0bfb-4766-a2ca-cbdef1940455.png,281,357
09e54da5-d69a-4bd9-a05d-a9c4c063042b.png,246,345
09e54da5-d69a-4bd9-a05d-a9c4c063042b.png,254,291
09e54da5-d69a-4bd9-a05d-a9c4c063042b.png,255,212
09e54da5-d69a-4bd9-a05d-a9c4c063042b.png,255,141
09e54da5-d69a-4bd9-a05d-a9c4c063042b.png,137,123
09e54da5-d69a-4bd9-a05d-a9c4c063042b.png,70,110
09e54da5-d69a-4bd9-a05d-a9c4c063042b.png,73,156
09e54da5-d69a-4bd9-a05d-a9c4c063042b.png,34,368
09e54da5-d69a-4bd9-a05d-a9c4c063042b.png,53,441
09e54da5-d69a-4bd9-a05d-a9c4c063042b.png,87,433
09e54da5-d69a-4bd9-a05d-a9c4c063042b.png,113,391
09e54da5-d69a-4bd9-a05d-a9c4c063042b.png,177,412
09e54da5-d69a-4bd9-a05d-a9c4c063042b.png,224,408
09e54da5-d69a-4bd9-a05d-a9c4c063042b.png,234,375
09e54da5-d69a-4bd9-a05d-a9c4c063042b.png,272,336
09e54da5-d69a-4bd9-a05d-a9c4c063042b.png,285,171
0a0ff67e-d1f5-4e55-aed2-45c59ff20c2a.png,218,400
0a0ff67e-d1f5-4e55-aed2-45c59ff20c2a.png,280,459
0a0ff67e-d1f5-4e55-aed2-45c59ff20c2a.png,295,406
0a0ff67e-d1f5-4e55-aed2-45c59ff20c2a.png,298,317
0a2f985a-2abc-4b25-9043-768240a3ee02.png,122,151
0a2f985a-2abc-4b25-9043-768240a3ee02.png,98,151
0a2f985a-2abc-4b25-9043-768240a3ee02.png,37,87
0a2f985a-2abc-4b25-9043-768240a3ee02.png,101,87
0a2f985a-2abc-4b25-9043-768240a3ee02.png,151,85
0a2f985a-2abc-4b25-9043-768240a3ee02.png,182,111
0a3b1911-7c1f-4400-adfe-7ea1e10b546b.png,278,184
0a3b1911-7c1f-4400-adfe-7ea1e10b546b.png,193,186
0a3b1911-7c1f-4400-adfe-7ea1e10b546b.png,130,189
0a3b1911-7c1f-4400-adfe-7ea1e10b546b.png,23,172
0a3b1911-7c1f-4400-adfe-7ea1e10b546b.png,287,235
0a3b1911-7c1f-4400-adfe-7ea1e10b546b.png,298,294
0a3b1911-7c1f-4400-adfe-7ea1e10b546b.png,268,350
0a52c967-f308-48ef-8614-39664a0ab19f.png,178,82
0a52c967-f308-48ef-8614-39664a0ab19f.png,255,95
0a52c967-f308-48ef-8614-39664a0ab19f.png,282,170
0a52c967-f308-48ef-8614-39664a0ab19f.png,266,404
0a52c967-f308-48ef-8614-39664a0ab19f.png,68,440
0a52c967-f308-48ef-8614-39664a0ab19f.png,31,110
0a6363ab-ce90-4e40-bfe7-5beb14c6faf8.png,47,238
0a6363ab-ce90-4e40-bfe7-5beb14c6faf8.png,52,275
0a6363ab-ce90-4e40-bfe7-5beb14c6faf8.png,63,332
0a6363ab-ce90-4e40-bfe7-5beb14c6faf8.png,81,370
0a6363ab-ce90-4e40-bfe7-5beb14c6faf8.png,199,363
0a6363ab-ce90-4e40-bfe7-5beb14c6faf8.png,282,356
0a6363ab-ce90-4e40-bfe7-5beb14c6faf8.png,279,208
0a67f2c9-a61c-414e-b7fd-4972124a8dee.png,66,193
0a67f2c9-a61c-414e-b7fd-4972124a8dee.png,72,111
0a67f2c9-a61c-414e-b7fd-4972124a8dee.png,141,115
0a67f2c9-a61c-414e-b7fd-4972124a8dee.png,136,179
0a67f2c9-a61c-414e-b7fd-4972124a8dee.png,229,217
0a67f2c9-a61c-414e-b7fd-4972124a8dee.png,271,341
0a67f2c9-a61c-414e-b7fd-4972124a8dee.png,243,414
0a67f2c9-a61c-414e-b7fd-4972124a8dee.png,179,422
0a67f2c9-a61c-414e-b7fd-4972124a8dee.png,106,429
0a67f2c9-a61c-414e-b7fd-4972124a8dee.png,51,428
0a69db41-5b74-4940-80b9-2cd2f868ed05.png,240,389
0a69db41-5b74-4940-80b9-2cd2f868ed05.png,254,293
0a69db41-5b74-4940-80b9-2cd2f868ed05.png,288,251
0a69db41-5b74-4940-80b9-2cd2f868ed05.png,211,242
0a69db41-5b74-4940-80b9-2cd2f868ed05.png,190,343
0a69db41-5b74-4940-80b9-2cd2f868ed05.png,160,423
0a69db41-5b74-4940-80b9-2cd2f868ed05.png,31,396
0a69db41-5b74-4940-80b9-2cd2f868ed05.png,45,244
0a97c0ba-db81-4ff9-bb20-d7a1662a1fe1.png,85,198
0a97c0ba-db81-4ff9-bb20-d7a1662a1fe1.png,149,199
0a97c0ba-db81-4ff9-bb20-d7a1662a1fe1.png,229,202
0a97c0ba-db81-4ff9-bb20-d7a1662a1fe1.png,277,202
0a97c0ba-db81-4ff9-bb20-d7a1662a1fe1.png,264,271
0a97c0ba-db81-4ff9-bb20-d7a1662a1fe1.png,102,254
0a97c0ba-db81-4ff9-bb20-d7a1662a1fe1.png,98,377
0a9fcd34-c1f6-458a-9b7f-c800bf733b7e.png,26,221
0a9fcd34-c1f6-458a-9b7f-c800bf733b7e.png,119,237
0a9fcd34-c1f6-458a-9b7f-c800bf733b7e.png,185,250
0a9fcd34-c1f6-458a-9b7f-c800bf733b7e.png,262,273
0a9fcd34-c1f6-458a-9b7f-c800bf733b7e.png,260,326
0a9fcd34-c1f6-458a-9b7f-c800bf733b7e.png,255,393
0a9fcd34-c1f6-458a-9b7f-c800bf733b7e.png,247,446
0a9fcd34-c1f6-458a-9b7f-c800bf733b7e.png,170,430
0a9fcd34-c1f6-458a-9b7f-c800bf733b7e.png,101,411
0aeb2bb6-08b5-4ee7-9f7f-963b2903334e.png,43,217
0aeb2bb6-08b5-4ee7-9f7f-963b2903334e.png,40,290
0aeb2bb6-08b5-4ee7-9f7f-963b2903334e.png,46,372
0aeb2bb6-08b5-4ee7-9f7f-963b2903334e.png,88,443
0aeb2bb6-08b5-4ee7-9f7f-963b2903334e.png,164,446
0aeb2bb6-08b5-4ee7-9f7f-963b2903334e.png,241,447
0aeb2bb6-08b5-4ee7-9f7f-963b2903334e.png,231,342
0aeb2bb6-08b5-4ee7-9f7f-963b2903334e.png,160,336
0aeb2bb6-08b5-4ee7-9f7f-963b2903334e.png,260,264
0aeb2bb6-08b5-4ee7-9f7f-963b2903334e.png,92,223
0b1027ce-efb3-466e-a49b-5397662f8f54.png,139,198
0b17a110-7cd2-454c-903b-fc35f9edb4a9.png,63,389
0b17a110-7cd2-454c-903b-fc35f9edb4a9.png,186,394
0b830799-2eb5-4a90-a48a-f3c84a164f3f.png,190,443
0b830799-2eb5-4a90-a48a-f3c84a164f3f.png,251,382
0ba28188-5e66-476e-b321-f498aab43578.png,203,369
0ba28188-5e66-476e-b321-f498aab43578.png,155,397
0ba28188-5e66-476e-b321-f498aab43578.png,228,425
0ba28188-5e66-476e-b321-f498aab43578.png,272,470
0ba28188-5e66-476e-b321-f498aab43578.png,112,473
0ba28188-5e66-476e-b321-f498aab43578.png,213,346
0ba28188-5e66-476e-b321-f498aab43578.png,260,294
0ba28188-5e66-476e-b321-f498aab43578.png,282,234
0ba28188-5e66-476e-b321-f498aab43578.png,282,168
0ba28188-5e66-476e-b321-f498aab43578.png,234,141
0ba28188-5e66-476e-b321-f498aab43578.png,138,267
0ba28188-5e66-476e-b321-f498aab43578.png,66,222
0ba6d1ea-3bc3-49f4-bd7a-0b81982a6fa7.png,250,449
0ba6d1ea-3bc3-49f4-bd7a-0b81982a6fa7.png,103,446
0bb6a24f-422f-43db-9047-5ef82428fd10.png,200,213
0bb6a24f-422f-43db-9047-5ef82428fd10.png,256,225
0bb6a24f-422f-43db-9047-5ef82428fd10.png,289,259
0bb6a24f-422f-43db-9047-5ef82428fd10.png,287,323
0bb6a24f-422f-43db-9047-5ef82428fd10.png,213,323
0bb6a24f-422f-43db-9047-5ef82428fd10.png,172,323
0bbd9d41-0e89-4078-a15a-187a76f17dee.png,220,183
0bbd9d41-0e89-4078-a15a-187a76f17dee.png,217,131
0bbd9d41-0e89-4078-a15a-187a76f17dee.png,169,112
0bbd9d41-0e89-4078-a15a-187a76f17dee.png,137,136
0bbd9d41-0e89-4078-a15a-187a76f17dee.png,114,155
0bbd9d41-0e89-4078-a15a-187a76f17dee.png,78,199
0bbd9d41-0e89-4078-a15a-187a76f17dee.png,66,279
0bbd9d41-0e89-4078-a15a-187a76f17dee.png,70,424
0bbd9d41-0e89-4078-a15a-187a76f17dee.png,191,456
0bbd9d41-0e89-4078-a15a-187a76f17dee.png,287,399
0bc8c238-3eef-4ce8-b71a-99b882e84425.png,280,229
0bc8c238-3eef-4ce8-b71a-99b882e84425.png,101,209
0bc8c238-3eef-4ce8-b71a-99b882e84425.png,39,217
0bd3739a-10c3-4b74-b1d6-b851ccba3f65.png,93,347
0bd3739a-10c3-4b74-b1d6-b851ccba3f65.png,177,313
0bd3739a-10c3-4b74-b1d6-b851ccba3f65.png,233,265
0bd3739a-10c3-4b74-b1d6-b851ccba3f65.png,269,194
0bd3739a-10c3-4b74-b1d6-b851ccba3f65.png,297,124
0be2e136-d6d6-49c7-91a3-2257438d4264.png,283,168
0be2e136-d6d6-49c7-91a3-2257438d4264.png,226,100
0be2e136-d6d6-49c7-91a3-2257438d4264.png,159,98
0be2e136-d6d6-49c7-91a3-2257438d4264.png,266,232
0be2e136-d6d6-49c7-91a3-2257438d4264.png,278,268
0c37867e-d361-41d0-a079-1d3320d2278e.png,278,268
0c37867e-d361-41d0-a079-1d3320d2278e.png,241,257
0c37867e-d361-41d0-a079-1d3320d2278e.png,197,248
0c37867e-d361-41d0-a079-1d3320d2278e.png,159,248
0c37867e-d361-41d0-a079-1d3320d2278e.png,283,356
0c37867e-d361-41d0-a079-1d3320d2278e.png,269,278
0c6f1915-b70c-4a88-a77a-46a7f8c42c1a.png,280,372
0c6f1915-b70c-4a88-a77a-46a7f8c42c1a.png,222,452
0c6f1915-b70c-4a88-a77a-46a7f8c42c1a.png,162,450
0c6f1915-b70c-4a88-a77a-46a7f8c42c1a.png,42,109
0c6f1915-b70c-4a88-a77a-46a7f8c42c1a.png,285,104
0c769ab0-29bf-43be-9b7c-b627be8dd2f3.png,255,230
0c769ab0-29bf-43be-9b7c-b627be8dd2f3.png,30,190
0c769ab0-29bf-43be-9b7c-b627be8dd2f3.png,89,376
0c769ab0-29bf-43be-9b7c-b627be8dd2f3.png,256,384
0c9f006a-d7d4-40b7-99ee-d6e60b79367c.png,278,187
0c9f006a-d7d4-40b7-99ee-d6e60b79367c.png,154,149
0c9f006a-d7d4-40b7-99ee-d6e60b79367c.png,89,155
0c9f006a-d7d4-40b7-99ee-d6e60b79367c.png,245,112
0c9f006a-d7d4-40b7-99ee-d6e60b79367c.png,54,209
0ca0a699-39ce-4da8-ad83-2e0a2a12ad3d.png,54,209
0ca0a699-39ce-4da8-ad83-2e0a2a12ad3d.png,183,92
0ca0a699-39ce-4da8-ad83-2e0a2a12ad3d.png,243,164
0cc030fc-e374-4fb7-a79e-e40a48ecefdf.png,247,441
0cc030fc-e374-4fb7-a79e-e40a48ecefdf.png,225,183
0cc030fc-e374-4fb7-a79e-e40a48ecefdf.png,288,258
0cc656c8-41fe-4f92-92e8-7b08b3d372df.png,284,304
0cc656c8-41fe-4f92-92e8-7b08b3d372df.png,283,370
0cc656c8-41fe-4f92-92e8-7b08b3d372df.png,42,431
0cce072e-c744-4976-95df-4ac4183447a8.png,61,306
0cce072e-c744-4976-95df-4ac4183447a8.png,54,99
0cce072e-c744-4976-95df-4ac4183447a8.png,227,123
0cce072e-c744-4976-95df-4ac4183447a8.png,278,251
0cce072e-c744-4976-95df-4ac4183447a8.png,263,462
0cce072e-c744-4976-95df-4ac4183447a8.png,79,450
0d0d9509-c7c8-4412-a027-082cc32968eb.png,56,450
0d0d9509-c7c8-4412-a027-082cc32968eb.png,115,249
0d0d9509-c7c8-4412-a027-082cc32968eb.png,133,133
0d0d9509-c7c8-4412-a027-082cc32968eb.png,205,213
0d0d9509-c7c8-4412-a027-082cc32968eb.png,227,392
0d0d9509-c7c8-4412-a027-082cc32968eb.png,290,448
0d420766-ed71-4950-9bc9-ddf032bc9cf7.png,253,170
0d420766-ed71-4950-9bc9-ddf032bc9cf7.png,123,133
0d420766-ed71-4950-9bc9-ddf032bc9cf7.png,47,406
0d43e9f4-6458-43fe-a1af-7cbbec72fb57.png,181,396
0d43e9f4-6458-43fe-a1af-7cbbec72fb57.png,240,333
0d43e9f4-6458-43fe-a1af-7cbbec72fb57.png,287,261
0d43e9f4-6458-43fe-a1af-7cbbec72fb57.png,242,173
0d6bf1c8-4d6c-4bf3-b9c0-c5af62e1c3a4.png,274,184
0d6bf1c8-4d6c-4bf3-b9c0-c5af62e1c3a4.png,88,194
0d6bf1c8-4d6c-4bf3-b9c0-c5af62e1c3a4.png,33,116
0d6bf1c8-4d6c-4bf3-b9c0-c5af62e1c3a4.png,279,97
0d6bf1c8-4d6c-4bf3-b9c0-c5af62e1c3a4.png,285,240
0d711223-53f3-4911-b48e-6175ec7f965f.png,52,398
0d711223-53f3-4911-b48e-6175ec7f965f.png,38,143
0d89d3da-3255-463a-88c0-3d8a5d632d36.png,62,310
0d89d3da-3255-463a-88c0-3d8a5d632d36.png,280,335
0d89d3da-3255-463a-88c0-3d8a5d632d36.png,240,186
0d8d76b9-0b70-49c6-9cd3-d1a31e33f820.png,131,198
0d8d76b9-0b70-49c6-9cd3-d1a31e33f820.png,19,195
0d8d76b9-0b70-49c6-9cd3-d1a31e33f820.png,96,412
0d8d76b9-0b70-49c6-9cd3-d1a31e33f820.png,249,421
0d979131-57ca-4a46-90b7-0ee43b9683da.png,253,243
0d979131-57ca-4a46-90b7-0ee43b9683da.png,253,156
0d979131-57ca-4a46-90b7-0ee43b9683da.png,44,302
0d979131-57ca-4a46-90b7-0ee43b9683da.png,48,388
0d979131-57ca-4a46-90b7-0ee43b9683da.png,276,287
0d999c8a-045a-49c0-ba9c-52831ed39d87.png,270,352
0d999c8a-045a-49c0-ba9c-52831ed39d87.png,270,438
0d999c8a-045a-49c0-ba9c-52831ed39d87.png,200,439
0d999c8a-045a-49c0-ba9c-52831ed39d87.png,188,332
0d999c8a-045a-49c0-ba9c-52831ed39d87.png,132,324
0d999c8a-045a-49c0-ba9c-52831ed39d87.png,93,418
0d999c8a-045a-49c0-ba9c-52831ed39d87.png,57,453
0d999c8a-045a-49c0-ba9c-52831ed39d87.png,21,247
0d999c8a-045a-49c0-ba9c-52831ed39d87.png,261,149
0da238d0-0464-4924-b041-a5062f21efc7.png,266,164
0da238d0-0464-4924-b041-a5062f21efc7.png,265,366
0da238d0-0464-4924-b041-a5062f21efc7.png,257,424
0da238d0-0464-4924-b041-a5062f21efc7.png,179,425
0da238d0-0464-4924-b041-a5062f21efc7.png,69,374
0da238d0-0464-4924-b041-a5062f21efc7.png,61,127
0db64418-a90a-4b68-bddf-0e58911118d1.png,98,228
0db64418-a90a-4b68-bddf-0e58911118d1.png,262,276
0db64418-a90a-4b68-bddf-0e58911118d1.png,259,114
0db64418-a90a-4b68-bddf-0e58911118d1.png,155,423
0dbc6936-73fc-46c5-ba67-5d892b355ab1.png,74,414
0dbc6936-73fc-46c5-ba67-5d892b355ab1.png,62,322
0dbc6936-73fc-46c5-ba67-5d892b355ab1.png,186,210
0dbc6936-73fc-46c5-ba67-5d892b355ab1.png,279,221
0dbc6936-73fc-46c5-ba67-5d892b355ab1.png,278,409
0df81031-b69b-4659-b064-3ecb4e0927aa.png,232,451
0df81031-b69b-4659-b064-3ecb4e0927aa.png,85,447
0df81031-b69b-4659-b064-3ecb4e0927aa.png,66,220
0df81031-b69b-4659-b064-3ecb4e0927aa.png,186,211
0dff72f0-c67d-4677-b5b2-d251b1985097.png,131,260
0dff72f0-c67d-4677-b5b2-d251b1985097.png,254,358
0e333f4b-8184-4f2e-b210-308fe8647e91.png,268,119
0e333f4b-8184-4f2e-b210-308fe8647e91.png,143,128
0e333f4b-8184-4f2e-b210-308fe8647e91.png,55,117
0e333f4b-8184-4f2e-b210-308fe8647e91.png,74,449
0e333f4b-8184-4f2e-b210-308fe8647e91.png,243,443
0e4c721d-2df5-48d8-a062-36beb387a2d3.png,205,429
0e4c721d-2df5-48d8-a062-36beb387a2d3.png,59,294
0e59f475-fb4c-4a54-a81e-6f1485a7d5a4.png,122,347
0e59f475-fb4c-4a54-a81e-6f1485a7d5a4.png,273,298
0e805b9a-86e3-4628-b061-28e96599e41a.png,113,162
0e8a9ddf-ef6a-4938-a9ba-156ec19ca060.png,59,196
0e8a9ddf-ef6a-4938-a9ba-156ec19ca060.png,184,151
0e8a9ddf-ef6a-4938-a9ba-156ec19ca060.png,234,146
0e8a9ddf-ef6a-4938-a9ba-156ec19ca060.png,227,459
0e8a9ddf-ef6a-4938-a9ba-156ec19ca060.png,93,402
0e8a9ddf-ef6a-4938-a9ba-156ec19ca060.png,60,367
0eab6dde-55a2-4a01-a2f6-15272a47606f.png,60,367
0eab6dde-55a2-4a01-a2f6-15272a47606f.png,173,457
0eab6dde-55a2-4a01-a2f6-15272a47606f.png,296,391
0eab6dde-55a2-4a01-a2f6-15272a47606f.png,264,290
0eca3980-e576-4871-adf6-c4a311bb5dd8.png,239,395
0eca3980-e576-4871-adf6-c4a311bb5dd8.png,48,418
0eca3980-e576-4871-adf6-c4a311bb5dd8.png,62,166
0eca3980-e576-4871-adf6-c4a311bb5dd8.png,97,78
0eca3980-e576-4871-adf6-c4a311bb5dd8.png,184,188
0eca3980-e576-4871-adf6-c4a311bb5dd8.png,227,188
0ed9802b-a6b8-40d8-8948-749b889ff942.png,183,142
0ed9802b-a6b8-40d8-8948-749b889ff942.png,98,123
0ed9802b-a6b8-40d8-8948-749b889ff942.png,252,146
0ed9802b-a6b8-40d8-8948-749b889ff942.png,154,434
0ed9802b-a6b8-40d8-8948-749b889ff942.png,45,424
0ef502ae-5a93-48db-bc45-ebffe1c72007.png,230,336
0ef502ae-5a93-48db-bc45-ebffe1c72007.png,43,438
0ef502ae-5a93-48db-bc45-ebffe1c72007.png,239,110
0f7169d1-dc5a-4864-96fa-8aac041feded.png,246,158
0f7169d1-dc5a-4864-96fa-8aac041feded.png,258,265
0f7169d1-dc5a-4864-96fa-8aac041feded.png,265,382
0f7169d1-dc5a-4864-96fa-8aac041feded.png,257,443
0f7169d1-dc5a-4864-96fa-8aac041feded.png,50,441
0f7169d1-dc5a-4864-96fa-8aac041feded.png,53,333
0f7169d1-dc5a-4864-96fa-8aac041feded.png,48,128
0f8c6bcb-6392-42f4-9a03-441e62775225.png,48,157
0f8c6bcb-6392-42f4-9a03-441e62775225.png,193,172
0f8c6bcb-6392-42f4-9a03-441e62775225.png,89,384
0f8c6bcb-6392-42f4-9a03-441e62775225.png,259,377
0fabac51-e41f-4f04-9a7b-1610b68b7731.png,55,246
0fabac51-e41f-4f04-9a7b-1610b68b7731.png,190,191
0fabac51-e41f-4f04-9a7b-1610b68b7731.png,278,211
0fabac51-e41f-4f04-9a7b-1610b68b7731.png,262,320
0fb4c33c-f6c8-431a-9c46-9263e99b9086.png,285,113
0fb4c33c-f6c8-431a-9c46-9263e99b9086.png,195,101
0fb4c33c-f6c8-431a-9c46-9263e99b9086.png,79,112
0fb4c33c-f6c8-431a-9c46-9263e99b9086.png,270,239
0fd38027-2ebe-4b31-bb2d-5b5a260fd8b9.png,87,339
0fd38027-2ebe-4b31-bb2d-5b5a260fd8b9.png,235,419
0fd38027-2ebe-4b31-bb2d-5b5a260fd8b9.png,74,159
0fe763fe-be14-4132-81fe-5219a5e32361.png,13,79
0fe763fe-be14-4132-81fe-5219a5e32361.png,110,79
0fe763fe-be14-4132-81fe-5219a5e32361.png,178,108
0fe763fe-be14-4132-81fe-5219a5e32361.png,192,174
0fe763fe-be14-4132-81fe-5219a5e32361.png,130,184
0fe763fe-be14-4132-81fe-5219a5e32361.png,98,259
0fe763fe-be14-4132-81fe-5219a5e32361.png,55,200
0fe763fe-be14-4132-81fe-5219a5e32361.png,211,238
0fe763fe-be14-4132-81fe-5219a5e32361.png,271,314
0fe763fe-be14-4132-81fe-5219a5e32361.png,69,272
0ff43a8e-5af1-46ad-b6eb-625c4ee43106.png,91,109
0ff43a8e-5af1-46ad-b6eb-625c4ee43106.png,162,116
0ff43a8e-5af1-46ad-b6eb-625c4ee43106.png,216,128
0ff43a8e-5af1-46ad-b6eb-625c4ee43106.png,251,158
0ff43a8e-5af1-46ad-b6eb-625c4ee43106.png,287,236
0ff43a8e-5af1-46ad-b6eb-625c4ee43106.png,167,105
10106e46-0e6f-41f6-8c8e-dcf786fd5026.png,274,244
10106e46-0e6f-41f6-8c8e-dcf786fd5026.png,262,344
10106e46-0e6f-41f6-8c8e-dcf786fd5026.png,74,346
10106e46-0e6f-41f6-8c8e-dcf786fd5026.png,47,232
1014b1ce-1585-40eb-a50a-6b287ac8d642.png,80,379
1014b1ce-1585-40eb-a50a-6b287ac8d642.png,46,436
1014b1ce-1585-40eb-a50a-6b287ac8d642.png,289,394
1014b1ce-1585-40eb-a50a-6b287ac8d642.png,287,350
10324b73-5930-4c4c-845b-ff026c263dc3.png,151,218
10324b73-5930-4c4c-845b-ff026c263dc3.png,202,158
10324b73-5930-4c4c-845b-ff026c263dc3.png,155,117
10324b73-5930-4c4c-845b-ff026c263dc3.png,109,115
10324b73-5930-4c4c-845b-ff026c263dc3.png,209,108
10324b73-5930-4c4c-845b-ff026c263dc3.png,217,237
10324b73-5930-4c4c-845b-ff026c263dc3.png,221,343
10324b73-5930-4c4c-845b-ff026c263dc3.png,222,447
10324b73-5930-4c4c-845b-ff026c263dc3.png,61,418
10a5bbfa-697a-4357-9346-e0e4ebdcd5b1.png,59,196
10a5bbfa-697a-4357-9346-e0e4ebdcd5b1.png,152,179
10a5bbfa-697a-4357-9346-e0e4ebdcd5b1.png,215,168
10a5bbfa-697a-4357-9346-e0e4ebdcd5b1.png,258,246
10a5bbfa-697a-4357-9346-e0e4ebdcd5b1.png,185,247
10a5bbfa-697a-4357-9346-e0e4ebdcd5b1.png,119,237
10a5bbfa-697a-4357-9346-e0e4ebdcd5b1.png,262,350
10a5bbfa-697a-4357-9346-e0e4ebdcd5b1.png,236,360
10a5bbfa-697a-4357-9346-e0e4ebdcd5b1.png,271,441
10a5bbfa-697a-4357-9346-e0e4ebdcd5b1.png,212,456
10a5bbfa-697a-4357-9346-e0e4ebdcd5b1.png,87,445
10ac9aab-d2ed-4bbf-87fe-c17280e0d82c.png,38,450
10ac9aab-d2ed-4bbf-87fe-c17280e0d82c.png,119,452
10ac9aab-d2ed-4bbf-87fe-c17280e0d82c.png,92,389
10ac9aab-d2ed-4bbf-87fe-c17280e0d82c.png,112,289
10ac9aab-d2ed-4bbf-87fe-c17280e0d82c.png,196,285
10ac9aab-d2ed-4bbf-87fe-c17280e0d82c.png,269,324
10ac9aab-d2ed-4bbf-87fe-c17280e0d82c.png,241,410
10ac9aab-d2ed-4bbf-87fe-c17280e0d82c.png,163,417
10ac9aab-d2ed-4bbf-87fe-c17280e0d82c.png,97,386
10c470e7-6b82-4aaf-97d9-8416e5a2cabf.png,242,359
10c470e7-6b82-4aaf-97d9-8416e5a2cabf.png,284,327
10c470e7-6b82-4aaf-97d9-8416e5a2cabf.png,255,255
10c470e7-6b82-4aaf-97d9-8416e5a2cabf.png,174,207
10c470e7-6b82-4aaf-97d9-8416e5a2cabf.png,86,208
10c470e7-6b82-4aaf-97d9-8416e5a2cabf.png,44,302
10c7c75a-aa17-40d8-9a95-01b19fcd600a.png,57,331
10c7c75a-aa17-40d8-9a95-01b19fcd600a.png,164,362
10c7c75a-aa17-40d8-9a95-01b19fcd600a.png,216,370
10c7c75a-aa17-40d8-9a95-01b19fcd600a.png,70,157
10c7c75a-aa17-40d8-9a95-01b19fcd600a.png,38,198
10c7c75a-aa17-40d8-9a95-01b19fcd600a.png,164,118
10c7c75a-aa17-40d8-9a95-01b19fcd600a.png,230,113
10c7c75a-aa17-40d8-9a95-01b19fcd600a.png,60,220
10d283ab-4520-45fa-af50-31ada49931a1.png,44,286
10d283ab-4520-45fa-af50-31ada49931a1.png,69,401
10d283ab-4520-45fa-af50-31ada49931a1.png,186,405
10d283ab-4520-45fa-af50-31ada49931a1.png,281,406
10d283ab-4520-45fa-af50-31ada49931a1.png,270,259
10d283ab-4520-45fa-af50-31ada49931a1.png,206,173
10d283ab-4520-45fa-af50-31ada49931a1.png,87,131
10d7fb8a-db27-4d67-9369-c9e02f54676e.png,73,355
10d7fb8a-db27-4d67-9369-c9e02f54676e.png,162,464
10d7fb8a-db27-4d67-9369-c9e02f54676e.png,158,375
10d7fb8a-db27-4d67-9369-c9e02f54676e.png,248,436
10d7fb8a-db27-4d67-9369-c9e02f54676e.png,286,226
10de44cd-bcdc-4be5-9cdc-fed6db9196eb.png,56,163
10de44cd-bcdc-4be5-9cdc-fed6db9196eb.png,159,117
10de44cd-bcdc-4be5-9cdc-fed6db9196eb.png,244,233
110867db-b926-4f01-afd2-0eac732aea7e.png,239,290
110867db-b926-4f01-afd2-0eac732aea7e.png,203,331
1130aee2-9baa-4eff-b9ee-445b9720e45a.png,245,362
1130aee2-9baa-4eff-b9ee-445b9720e45a.png,147,425
1170bda4-da6e-4850-9056-65cb340aa698.png,136,421
1170bda4-da6e-4850-9056-65cb340aa698.png,44,435
1170bda4-da6e-4850-9056-65cb340aa698.png,94,324
1170bda4-da6e-4850-9056-65cb340aa698.png,103,138
1170bda4-da6e-4850-9056-65cb340aa698.png,156,115
1170bda4-da6e-4850-9056-65cb340aa698.png,209,178
1170bda4-da6e-4850-9056-65cb340aa698.png,257,182
1170bda4-da6e-4850-9056-65cb340aa698.png,255,441
1170bda4-da6e-4850-9056-65cb340aa698.png,188,441
11843062-c288-4481-927d-e2d3f0b734d4.png,307,233
11843062-c288-4481-927d-e2d3f0b734d4.png,272,173
11843062-c288-4481-927d-e2d3f0b734d4.png,194,101
11843062-c288-4481-927d-e2d3f0b734d4.png,145,85
11843062-c288-4481-927d-e2d3f0b734d4.png,103,97
11843062-c288-4481-927d-e2d3f0b734d4.png,50,186
11843062-c288-4481-927d-e2d3f0b734d4.png,61,358
11843062-c288-4481-927d-e2d3f0b734d4.png,134,401
11853279-70e5-4b9c-9626-b97fbc414add.png,62,384
11853279-70e5-4b9c-9626-b97fbc414add.png,183,391
11853279-70e5-4b9c-9626-b97fbc414add.png,242,345
11853279-70e5-4b9c-9626-b97fbc414add.png,264,252
11853279-70e5-4b9c-9626-b97fbc414add.png,264,176
11853279-70e5-4b9c-9626-b97fbc414add.png,55,185
119a0e35-fbf9-4fb9-9b4b-1794d5e1ada4.png,47,167
119a0e35-fbf9-4fb9-9b4b-1794d5e1ada4.png,129,125
119a0e35-fbf9-4fb9-9b4b-1794d5e1ada4.png,217,129
119a0e35-fbf9-4fb9-9b4b-1794d5e1ada4.png,260,202
119a0e35-fbf9-4fb9-9b4b-1794d5e1ada4.png,274,294
119a0e35-fbf9-4fb9-9b4b-1794d5e1ada4.png,97,457
11a97a5e-c1a4-4d63-b645-6f15c08cd101.png,53,342
11a97a5e-c1a4-4d63-b645-6f15c08cd101.png,83,398
11a97a5e-c1a4-4d63-b645-6f15c08cd101.png,83,398
11a97a5e-c1a4-4d63-b645-6f15c08cd101.png,145,393
11a97a5e-c1a4-4d63-b645-6f15c08cd101.png,166,314
11a97a5e-c1a4-4d63-b645-6f15c08cd101.png,237,403
11a97a5e-c1a4-4d63-b645-6f15c08cd101.png,221,154
11aebc47-c3ea-4932-a81f-942e2b0683e7.png,221,154
11aebc47-c3ea-4932-a81f-942e2b0683e7.png,118,156
11aebc47-c3ea-4932-a81f-942e2b0683e7.png,256,279
11aebc47-c3ea-4932-a81f-942e2b0683e7.png,262,437
11d65873-ce85-44e3-8b84-770eb05cc112.png,37,422
11d65873-ce85-44e3-8b84-770eb05cc112.png,39,370
11d65873-ce85-44e3-8b84-770eb05cc112.png,126,370
11d65873-ce85-44e3-8b84-770eb05cc112.png,155,421
11d65873-ce85-44e3-8b84-770eb05cc112.png,216,431
11d65873-ce85-44e3-8b84-770eb05cc112.png,248,405
11d65873-ce85-44e3-8b84-770eb05cc112.png,248,315
11d65873-ce85-44e3-8b84-770eb05cc112.png,270,260
11d65873-ce85-44e3-8b84-770eb05cc112.png,167,226
1227d903-5a28-405d-987e-a623d81b08b6.png,104,217
1227d903-5a28-405d-987e-a623d81b08b6.png,96,304
1227d903-5a28-405d-987e-a623d81b08b6.png,71,337
1227d903-5a28-405d-987e-a623d81b08b6.png,224,216
1227d903-5a28-405d-987e-a623d81b08b6.png,273,211
123d1eb6-b71d-4bdf-aee7-533fc414a7b3.png,225,313
1271b423-f812-4f8e-8170-296f7dbc3917.png,253,347
127b9d80-0ac6-49d6-9cb4-adba413777b5.png,229,306
127b9d80-0ac6-49d6-9cb4-adba413777b5.png,260,222
127b9d80-0ac6-49d6-9cb4-adba413777b5.png,171,205
127b9d80-0ac6-49d6-9cb4-adba413777b5.png,99,188
128a9112-2e40-4e45-9c8a-a7d361b3068c.png,52,306
128a9112-2e40-4e45-9c8a-a7d361b3068c.png,128,382
128a9112-2e40-4e45-9c8a-a7d361b3068c.png,211,388
128a9112-2e40-4e45-9c8a-a7d361b3068c.png,279,206
128f09d6-1057-4242-9320-26cf9a097178.png,196,261
128f09d6-1057-4242-9320-26cf9a097178.png,179,346
128f09d6-1057-4242-9320-26cf9a097178.png,195,424
128f09d6-1057-4242-9320-26cf9a097178.png,253,439
12a52b48-fabc-4114-b24c-878b62564ddb.png,211,210
12a52b48-fabc-4114-b24c-878b62564ddb.png,142,136
12a52b48-fabc-4114-b24c-878b62564ddb.png,108,96
12a52b48-fabc-4114-b24c-878b62564ddb.png,48,436
12a52b48-fabc-4114-b24c-878b62564ddb.png,83,439
12a52b48-fabc-4114-b24c-878b62564ddb.png,236,346
12a52b48-fabc-4114-b24c-878b62564ddb.png,280,441
12e30584-6539-479d-bf24-4bd12643a202.png,53,318
12e30584-6539-479d-bf24-4bd12643a202.png,45,224
12e30584-6539-479d-bf24-4bd12643a202.png,104,180
12e30584-6539-479d-bf24-4bd12643a202.png,192,228
12e30584-6539-479d-bf24-4bd12643a202.png,226,260
12e30584-6539-479d-bf24-4bd12643a202.png,120,395
12e55ef2-e5cd-4a37-a307-a4cba6cd32ae.png,90,264
12e55ef2-e5cd-4a37-a307-a4cba6cd32ae.png,199,138
12e55ef2-e5cd-4a37-a307-a4cba6cd32ae.png,282,68
12e55ef2-e5cd-4a37-a307-a4cba6cd32ae.png,225,131
12e55ef2-e5cd-4a37-a307-a4cba6cd32ae.png,263,371
12e55ef2-e5cd-4a37-a307-a4cba6cd32ae.png,216,447
12e55ef2-e5cd-4a37-a307-a4cba6cd32ae.png,97,428
12e55ef2-e5cd-4a37-a307-a4cba6cd32ae.png,110,325
12e55ef2-e5cd-4a37-a307-a4cba6cd32ae.png,77,222
12ea6631-6119-4704-8d69-bcc3b72d541f.png,82,182
12ea6631-6119-4704-8d69-bcc3b72d541f.png,163,159
12ea6631-6119-4704-8d69-bcc3b72d541f.png,259,147
12ea6631-6119-4704-8d69-bcc3b72d541f.png,214,116
12ea6631-6119-4704-8d69-bcc3b72d541f.png,153,251
12ea6631-6119-4704-8d69-bcc3b72d541f.png,255,188
12ea6631-6119-4704-8d69-bcc3b72d541f.png,37,227
1307cac0-1bb1-4515-8d76-c1e91d4651a3.png,39,220
1307cac0-1bb1-4515-8d76-c1e91d4651a3.png,134,416
1307cac0-1bb1-4515-8d76-c1e91d4651a3.png,210,404
1307cac0-1bb1-4515-8d76-c1e91d4651a3.png,275,377
130f481c-2b47-4090-8a4e-e1a0f5ab8d68.png,252,378
130f481c-2b47-4090-8a4e-e1a0f5ab8d68.png,200,422
130f481c-2b47-4090-8a4e-e1a0f5ab8d68.png,259,457
130f481c-2b47-4090-8a4e-e1a0f5ab8d68.png,260,271
130f481c-2b47-4090-8a4e-e1a0f5ab8d68.png,280,127
130f481c-2b47-4090-8a4e-e1a0f5ab8d68.png,210,126
130f481c-2b47-4090-8a4e-e1a0f5ab8d68.png,149,89
130f481c-2b47-4090-8a4e-e1a0f5ab8d68.png,163,208
130f481c-2b47-4090-8a4e-e1a0f5ab8d68.png,82,188
130f481c-2b47-4090-8a4e-e1a0f5ab8d68.png,48,77
130f481c-2b47-4090-8a4e-e1a0f5ab8d68.png,37,145
130f481c-2b47-4090-8a4e-e1a0f5ab8d68.png,37,201
130f481c-2b47-4090-8a4e-e1a0f5ab8d68.png,37,242
130f481c-2b47-4090-8a4e-e1a0f5ab8d68.png,37,345
130f481c-2b47-4090-8a4e-e1a0f5ab8d68.png,43,444
130f481c-2b47-4090-8a4e-e1a0f5ab8d68.png,139,449
130f481c-2b47-4090-8a4e-e1a0f5ab8d68.png,167,393
130f481c-2b47-4090-8a4e-e1a0f5ab8d68.png,166,355
1314ac01-0abf-4608-aed0-4d4c6c7599d0.png,68,469
1314ac01-0abf-4608-aed0-4d4c6c7599d0.png,37,460
1314ac01-0abf-4608-aed0-4d4c6c7599d0.png,37,416
1314ac01-0abf-4608-aed0-4d4c6c7599d0.png,147,446
1314ac01-0abf-4608-aed0-4d4c6c7599d0.png,215,416
1314ac01-0abf-4608-aed0-4d4c6c7599d0.png,280,380
1316f762-e64b-4f79-9dfe-d88d05e45958.png,269,367
1316f762-e64b-4f79-9dfe-d88d05e45958.png,272,266
1316f762-e64b-4f79-9dfe-d88d05e45958.png,272,204
1316f762-e64b-4f79-9dfe-d88d05e45958.png,272,156
1316f762-e64b-4f79-9dfe-d88d05e45958.png,241,126
1316f762-e64b-4f79-9dfe-d88d05e45958.png,153,140
1316f762-e64b-4f79-9dfe-d88d05e45958.png,91,138
1316f762-e64b-4f79-9dfe-d88d05e45958.png,91,111
1316f762-e64b-4f79-9dfe-d88d05e45958.png,62,137
1316f762-e64b-4f79-9dfe-d88d05e45958.png,60,254
1316f762-e64b-4f79-9dfe-d88d05e45958.png,46,304
1316f762-e64b-4f79-9dfe-d88d05e45958.png,208,381
1316f762-e64b-4f79-9dfe-d88d05e45958.png,274,447
132c85a4-ac03-4b95-b423-99e68ac8fbff.png,288,227
132c85a4-ac03-4b95-b423-99e68ac8fbff.png,288,227
132c85a4-ac03-4b95-b423-99e68ac8fbff.png,287,282
132c85a4-ac03-4b95-b423-99e68ac8fbff.png,278,332
132c85a4-ac03-4b95-b423-99e68ac8fbff.png,241,332
132c85a4-ac03-4b95-b423-99e68ac8fbff.png,288,275
132c85a4-ac03-4b95-b423-99e68ac8fbff.png,175,182
132c85a4-ac03-4b95-b423-99e68ac8fbff.png,107,171
132c85a4-ac03-4b95-b423-99e68ac8fbff.png,75,247
132c85a4-ac03-4b95-b423-99e68ac8fbff.png,39,352
132c85a4-ac03-4b95-b423-99e68ac8fbff.png,107,370
133883fb-a5b7-432b-8702-49de2cce970e.png,141,430
133883fb-a5b7-432b-8702-49de2cce970e.png,224,407
133883fb-a5b7-432b-8702-49de2cce970e.png,242,279
133883fb-a5b7-432b-8702-49de2cce970e.png,237,196
133883fb-a5b7-432b-8702-49de2cce970e.png,110,157
133883fb-a5b7-432b-8702-49de2cce970e.png,48,85
133883fb-a5b7-432b-8702-49de2cce970e.png,38,228
133883fb-a5b7-432b-8702-49de2cce970e.png,43,420
13534df2-4b50-4401-8ee2-618171c22b66.png,69,431
13534df2-4b50-4401-8ee2-618171c22b66.png,151,432
13534df2-4b50-4401-8ee2-618171c22b66.png,203,430
1367ed84-6f5e-489e-8542-bf1c6195cb8d.png,154,210
1367ed84-6f5e-489e-8542-bf1c6195cb8d.png,73,235
1367ed84-6f5e-489e-8542-bf1c6195cb8d.png,79,137
1367ed84-6f5e-489e-8542-bf1c6195cb8d.png,136,112
1367ed84-6f5e-489e-8542-bf1c6195cb8d.png,176,150
1367ed84-6f5e-489e-8542-bf1c6195cb8d.png,232,152
1367ed84-6f5e-489e-8542-bf1c6195cb8d.png,261,284
1367ed84-6f5e-489e-8542-bf1c6195cb8d.png,238,375
1367ed84-6f5e-489e-8542-bf1c6195cb8d.png,255,444
1367ed84-6f5e-489e-8542-bf1c6195cb8d.png,74,422
1367ed84-6f5e-489e-8542-bf1c6195cb8d.png,35,144
137b7725-4aaf-451e-806d-c22f84391e87.png,62,136
137b7725-4aaf-451e-806d-c22f84391e87.png,156,125
137b7725-4aaf-451e-806d-c22f84391e87.png,228,193
137b7725-4aaf-451e-806d-c22f84391e87.png,219,333
137b7725-4aaf-451e-806d-c22f84391e87.png,237,434
137b7725-4aaf-451e-806d-c22f84391e87.png,109,434
13a70469-8bfe-44cb-a9ef-2ada4907e144.png,56,338
13b02b85-43fa-4b7c-84ce-332a5025958b.png,72,191
13b02b85-43fa-4b7c-84ce-332a5025958b.png,49,288
13b02b85-43fa-4b7c-84ce-332a5025958b.png,43,229
13b02b85-43fa-4b7c-84ce-332a5025958b.png,47,137
13b02b85-43fa-4b7c-84ce-332a5025958b.png,121,115
13b02b85-43fa-4b7c-84ce-332a5025958b.png,121,209
13b02b85-43fa-4b7c-84ce-332a5025958b.png,114,317
13b02b85-43fa-4b7c-84ce-332a5025958b.png,141,383
13b02b85-43fa-4b7c-84ce-332a5025958b.png,206,352
13b02b85-43fa-4b7c-84ce-332a5025958b.png,253,307
13d20c8e-e00a-4155-85c4-4eb4af2dca65.png,215,275
13d20c8e-e00a-4155-85c4-4eb4af2dca65.png,154,290
13d20c8e-e00a-4155-85c4-4eb4af2dca65.png,96,290
13d20c8e-e00a-4155-85c4-4eb4af2dca65.png,58,281
13d20c8e-e00a-4155-85c4-4eb4af2dca65.png,57,202
13d20c8e-e00a-4155-85c4-4eb4af2dca65.png,132,227
13d20c8e-e00a-4155-85c4-4eb4af2dca65.png,192,210
13d20c8e-e00a-4155-85c4-4eb4af2dca65.png,221,173
13d20c8e-e00a-4155-85c4-4eb4af2dca65.png,213,116
13d20c8e-e00a-4155-85c4-4eb4af2dca65.png,160,150
13d20c8e-e00a-4155-85c4-4eb4af2dca65.png,113,111
13d20c8e-e00a-4155-85c4-4eb4af2dca65.png,68,174
13d20c8e-e00a-4155-85c4-4eb4af2dca65.png,52,118
13d20c8e-e00a-4155-85c4-4eb4af2dca65.png,114,434
13d20c8e-e00a-4155-85c4-4eb4af2dca65.png,162,457
13d20c8e-e00a-4155-85c4-4eb4af2dca65.png,173,420
13d20c8e-e00a-4155-85c4-4eb4af2dca65.png,203,444
13d20c8e-e00a-4155-85c4-4eb4af2dca65.png,210,470
13d66375-def5-4195-9d40-caa077a6cbcf.png,228,481
13d66375-def5-4195-9d40-caa077a6cbcf.png,251,353
13d66375-def5-4195-9d40-caa077a6cbcf.png,116,283
13d66375-def5-4195-9d40-caa077a6cbcf.png,64,266
1424a943-c153-48b6-86d8-921aa1437248.png,54,268
1424a943-c153-48b6-86d8-921aa1437248.png,66,431
1424a943-c153-48b6-86d8-921aa1437248.png,152,438
1424a943-c153-48b6-86d8-921aa1437248.png,208,428
1424a943-c153-48b6-86d8-921aa1437248.png,264,321
143429fc-2ed5-45c6-b86d-23d098251274.png,243,288
143429fc-2ed5-45c6-b86d-23d098251274.png,186,378
143429fc-2ed5-45c6-b86d-23d098251274.png,85,369
143429fc-2ed5-45c6-b86d-23d098251274.png,43,369
143429fc-2ed5-45c6-b86d-23d098251274.png,58,273
143429fc-2ed5-45c6-b86d-23d098251274.png,77,200
1441b6f0-32c9-4110-b792-78bd3ad481b5.png,45,242
1441b6f0-32c9-4110-b792-78bd3ad481b5.png,45,301
1441b6f0-32c9-4110-b792-78bd3ad481b5.png,108,317
1441b6f0-32c9-4110-b792-78bd3ad481b5.png,172,328
1441b6f0-32c9-4110-b792-78bd3ad481b5.png,251,314
1441b6f0-32c9-4110-b792-78bd3ad481b5.png,285,283
1441b6f0-32c9-4110-b792-78bd3ad481b5.png,214,252
1441b6f0-32c9-4110-b792-78bd3ad481b5.png,262,230
1441b6f0-32c9-4110-b792-78bd3ad481b5.png,210,222
1441b6f0-32c9-4110-b792-78bd3ad481b5.png,156,209
1441b6f0-32c9-4110-b792-78bd3ad481b5.png,110,195
1441b6f0-32c9-4110-b792-78bd3ad481b5.png,46,250
14ac3dbe-f184-495e-93a1-2faf6e705b4c.png,63,287
14ac3dbe-f184-495e-93a1-2faf6e705b4c.png,172,409
14ac3dbe-f184-495e-93a1-2faf6e705b4c.png,206,156
14ad4356-aedf-4dac-9c73-718b9a320f6f.png,144,121
14ad4356-aedf-4dac-9c73-718b9a320f6f.png,98,101
14ad4356-aedf-4dac-9c73-718b9a320f6f.png,183,83
14ad4356-aedf-4dac-9c73-718b9a320f6f.png,254,86
14ad4356-aedf-4dac-9c73-718b9a320f6f.png,286,220
14ad4356-aedf-4dac-9c73-718b9a320f6f.png,261,301
14ad4356-aedf-4dac-9c73-718b9a320f6f.png,259,393
14ad4356-aedf-4dac-9c73-718b9a320f6f.png,177,449
14ad4356-aedf-4dac-9c73-718b9a320f6f.png,167,365
14ad4356-aedf-4dac-9c73-718b9a320f6f.png,95,312
14ad4356-aedf-4dac-9c73-718b9a320f6f.png,70,393
03e8b4e6-4401-42fc-aac0-841d36cc2d37.png,118,193
04a495e8-be78-401b-b3fa-32458cd0812b.png,256,364
06ce5cd3-b654-4a24-8cde-418e00a4ba01.png,180,213
07b9dbb8-85a9-4a77-8dbe-c895c9a7f745.png,205,407
07c2d7f5-c99b-4b41-ac9f-14c2dfd2c52b.png,230,261
07c2d7f5-c99b-4b41-ac9f-14c2dfd2c52b.png,283,288
07c2d7f5-c99b-4b41-ac9f-14c2dfd2c52b.png,106,206
07c2d7f5-c99b-4b41-ac9f-14c2dfd2c52b.png,169,201
07c2d7f5-c99b-4b41-ac9f-14c2dfd2c52b.png,183,234
07c2d7f5-c99b-4b41-ac9f-14c2dfd2c52b.png,130,272
07c2d7f5-c99b-4b41-ac9f-14c2dfd2c52b.png,98,324
07c2d7f5-c99b-4b41-ac9f-14c2dfd2c52b.png,59,427
0a72c3a0-b827-4346-af9b-0f81adcff0fa.png,64,461
0a72c3a0-b827-4346-af9b-0f81adcff0fa.png,42,248
0a72c3a0-b827-4346-af9b-0f81adcff0fa.png,156,251
0a72c3a0-b827-4346-af9b-0f81adcff0fa.png,103,137
0a72c3a0-b827-4346-af9b-0f81adcff0fa.png,206,225
0a72c3a0-b827-4346-af9b-0f81adcff0fa.png,278,199
0a72c3a0-b827-4346-af9b-0f81adcff0fa.png,274,306
0b335400-4504-45b0-8b0a-593f1b4c2cf8.png,255,367
0b335400-4504-45b0-8b0a-593f1b4c2cf8.png,135,428
0b335400-4504-45b0-8b0a-593f1b4c2cf8.png,50,428
0b335400-4504-45b0-8b0a-593f1b4c2cf8.png,46,178
0b335400-4504-45b0-8b0a-593f1b4c2cf8.png,60,131
0b335400-4504-45b0-8b0a-593f1b4c2cf8.png,180,130
0b335400-4504-45b0-8b0a-593f1b4c2cf8.png,256,117
14df2bc2-964b-41bd-a9d6-bd291b3a24eb.png,214,174
14df2bc2-964b-41bd-a9d6-bd291b3a24eb.png,129,189
14df2bc2-964b-41bd-a9d6-bd291b3a24eb.png,191,125
14df2bc2-964b-41bd-a9d6-bd291b3a24eb.png,80,231
14df2bc2-964b-41bd-a9d6-bd291b3a24eb.png,51,136
14df2bc2-964b-41bd-a9d6-bd291b3a24eb.png,51,294
14df2bc2-964b-41bd-a9d6-bd291b3a24eb.png,52,417
14df2bc2-964b-41bd-a9d6-bd291b3a24eb.png,213,432
14e728c0-aaf5-4695-a042-61d714ef984a.png,244,364
14e728c0-aaf5-4695-a042-61d714ef984a.png,99,388
14e728c0-aaf5-4695-a042-61d714ef984a.png,51,361
14e728c0-aaf5-4695-a042-61d714ef984a.png,48,202
14e728c0-aaf5-4695-a042-61d714ef984a.png,117,215
14e728c0-aaf5-4695-a042-61d714ef984a.png,172,207
14e728c0-aaf5-4695-a042-61d714ef984a.png,237,188
14e728c0-aaf5-4695-a042-61d714ef984a.png,285,221
14e728c0-aaf5-4695-a042-61d714ef984a.png,266,356
15419812-73e1-458b-9702-6dab12134d83.png,204,342
15419812-73e1-458b-9702-6dab12134d83.png,231,204
15419812-73e1-458b-9702-6dab12134d83.png,274,188
15419812-73e1-458b-9702-6dab12134d83.png,237,143
15419812-73e1-458b-9702-6dab12134d83.png,214,181
15419812-73e1-458b-9702-6dab12134d83.png,203,198
15419812-73e1-458b-9702-6dab12134d83.png,199,74
15419812-73e1-458b-9702-6dab12134d83.png,103,163
15419812-73e1-458b-9702-6dab12134d83.png,207,401
15419812-73e1-458b-9702-6dab12134d83.png,71,433
1543b6d6-7489-40ad-81a2-bc2b50366afa.png,64,366
1543b6d6-7489-40ad-81a2-bc2b50366afa.png,61,274
1543b6d6-7489-40ad-81a2-bc2b50366afa.png,61,196
1543b6d6-7489-40ad-81a2-bc2b50366afa.png,219,196
1543b6d6-7489-40ad-81a2-bc2b50366afa.png,274,200
1543b6d6-7489-40ad-81a2-bc2b50366afa.png,274,240
1543b6d6-7489-40ad-81a2-bc2b50366afa.png,145,284
1543b6d6-7489-40ad-81a2-bc2b50366afa.png,133,217
156d964d-33ec-4d16-95ab-1961a20b9712.png,120,365
156d964d-33ec-4d16-95ab-1961a20b9712.png,86,467
156d964d-33ec-4d16-95ab-1961a20b9712.png,46,205
156d964d-33ec-4d16-95ab-1961a20b9712.png,123,196
156d964d-33ec-4d16-95ab-1961a20b9712.png,134,87
156d964d-33ec-4d16-95ab-1961a20b9712.png,223,210
156d964d-33ec-4d16-95ab-1961a20b9712.png,251,237
1580751e-d404-42b3-8727-95fbffb7bbaf.png,253,238
1580751e-d404-42b3-8727-95fbffb7bbaf.png,195,211
1580751e-d404-42b3-8727-95fbffb7bbaf.png,274,142
1580751e-d404-42b3-8727-95fbffb7bbaf.png,128,113
1580751e-d404-42b3-8727-95fbffb7bbaf.png,47,116
1580751e-d404-42b3-8727-95fbffb7bbaf.png,63,277
1580751e-d404-42b3-8727-95fbffb7bbaf.png,101,251
1580751e-d404-42b3-8727-95fbffb7bbaf.png,271,221
1580751e-d404-42b3-8727-95fbffb7bbaf.png,282,86
1580751e-d404-42b3-8727-95fbffb7bbaf.png,178,212
158409f5-0bea-4fbf-91de-4c5e12a941f3.png,182,215
158409f5-0bea-4fbf-91de-4c5e12a941f3.png,242,206
158409f5-0bea-4fbf-91de-4c5e12a941f3.png,251,267
158409f5-0bea-4fbf-91de-4c5e12a941f3.png,279,194
158409f5-0bea-4fbf-91de-4c5e12a941f3.png,279,279
158409f5-0bea-4fbf-91de-4c5e12a941f3.png,275,337
158409f5-0bea-4fbf-91de-4c5e12a941f3.png,272,381
158409f5-0bea-4fbf-91de-4c5e12a941f3.png,231,371
158409f5-0bea-4fbf-91de-4c5e12a941f3.png,231,326
158409f5-0bea-4fbf-91de-4c5e12a941f3.png,231,268
158409f5-0bea-4fbf-91de-4c5e12a941f3.png,215,228
158409f5-0bea-4fbf-91de-4c5e12a941f3.png,163,220
158409f5-0bea-4fbf-91de-4c5e12a941f3.png,103,220
158409f5-0bea-4fbf-91de-4c5e12a941f3.png,84,283
158409f5-0bea-4fbf-91de-4c5e12a941f3.png,64,371
158409f5-0bea-4fbf-91de-4c5e12a941f3.png,204,369
15855cd3-bc25-4f27-805e-06fd61e8bff5.png,254,366
159eb5a5-ad0a-452e-ac3d-7217f9449513.png,135,290
159eb5a5-ad0a-452e-ac3d-7217f9449513.png,121,231
159eb5a5-ad0a-452e-ac3d-7217f9449513.png,60,247
159eb5a5-ad0a-452e-ac3d-7217f9449513.png,54,183
159eb5a5-ad0a-452e-ac3d-7217f9449513.png,122,183
159eb5a5-ad0a-452e-ac3d-7217f9449513.png,288,183
159eb5a5-ad0a-452e-ac3d-7217f9449513.png,203,183
159eb5a5-ad0a-452e-ac3d-7217f9449513.png,216,196
159eb5a5-ad0a-452e-ac3d-7217f9449513.png,260,334
159eb5a5-ad0a-452e-ac3d-7217f9449513.png,286,366
15e36afd-1b9f-44ea-9f27-cd86d9490df9.png,245,420
15e36afd-1b9f-44ea-9f27-cd86d9490df9.png,142,399
15e36afd-1b9f-44ea-9f27-cd86d9490df9.png,73,409
15e36afd-1b9f-44ea-9f27-cd86d9490df9.png,280,113
15e36afd-1b9f-44ea-9f27-cd86d9490df9.png,199,146
15fa677d-cb0d-4634-8bb3-1ca90c645a99.png,19,184
15fa677d-cb0d-4634-8bb3-1ca90c645a99.png,75,192
15fa677d-cb0d-4634-8bb3-1ca90c645a99.png,114,192
15fa677d-cb0d-4634-8bb3-1ca90c645a99.png,132,192
15fa677d-cb0d-4634-8bb3-1ca90c645a99.png,187,185
15fa677d-cb0d-4634-8bb3-1ca90c645a99.png,210,186
15fa677d-cb0d-4634-8bb3-1ca90c645a99.png,239,187
15fa677d-cb0d-4634-8bb3-1ca90c645a99.png,268,194
15fa677d-cb0d-4634-8bb3-1ca90c645a99.png,286,205
15fa677d-cb0d-4634-8bb3-1ca90c645a99.png,281,274
15fa677d-cb0d-4634-8bb3-1ca90c645a99.png,268,312
15fa677d-cb0d-4634-8bb3-1ca90c645a99.png,239,329
15fa677d-cb0d-4634-8bb3-1ca90c645a99.png,239,262
15fa677d-cb0d-4634-8bb3-1ca90c645a99.png,227,204
15fa677d-cb0d-4634-8bb3-1ca90c645a99.png,141,215
15fa677d-cb0d-4634-8bb3-1ca90c645a99.png,85,217
15fa677d-cb0d-4634-8bb3-1ca90c645a99.png,65,253
15fa677d-cb0d-4634-8bb3-1ca90c645a99.png,58,325
15fa677d-cb0d-4634-8bb3-1ca90c645a99.png,136,358
15fa677d-cb0d-4634-8bb3-1ca90c645a99.png,165,331
15fa677d-cb0d-4634-8bb3-1ca90c645a99.png,217,309
1610df35-e6dc-4064-96d8-805ba6bcbf32.png,52,130
1610df35-e6dc-4064-96d8-805ba6bcbf32.png,148,127
1610df35-e6dc-4064-96d8-805ba6bcbf32.png,228,125
1610df35-e6dc-4064-96d8-805ba6bcbf32.png,263,136
1610df35-e6dc-4064-96d8-805ba6bcbf32.png,249,420
1610df35-e6dc-4064-96d8-805ba6bcbf32.png,59,421
161efd01-e06e-4140-a6dc-db00545f1808.png,121,173
161efd01-e06e-4140-a6dc-db00545f1808.png,181,164
161efd01-e06e-4140-a6dc-db00545f1808.png,205,139
161efd01-e06e-4140-a6dc-db00545f1808.png,247,144
161efd01-e06e-4140-a6dc-db00545f1808.png,285,139
161efd01-e06e-4140-a6dc-db00545f1808.png,231,207
161efd01-e06e-4140-a6dc-db00545f1808.png,171,205
161efd01-e06e-4140-a6dc-db00545f1808.png,291,327
161efd01-e06e-4140-a6dc-db00545f1808.png,274,409
161efd01-e06e-4140-a6dc-db00545f1808.png,168,446
1624f19f-c444-4835-8ad4-56f0266a2c48.png,199,112
1624f19f-c444-4835-8ad4-56f0266a2c48.png,268,150
1624f19f-c444-4835-8ad4-56f0266a2c48.png,186,175
1624f19f-c444-4835-8ad4-56f0266a2c48.png,185,397
1624f19f-c444-4835-8ad4-56f0266a2c48.png,264,453
1624f19f-c444-4835-8ad4-56f0266a2c48.png,242,378
163d0469-ab32-4969-85be-bb3c00f6bb27.png,44,452
163d0469-ab32-4969-85be-bb3c00f6bb27.png,69,390
163d0469-ab32-4969-85be-bb3c00f6bb27.png,113,458
163d0469-ab32-4969-85be-bb3c00f6bb27.png,143,389
163d0469-ab32-4969-85be-bb3c00f6bb27.png,223,456
163d0469-ab32-4969-85be-bb3c00f6bb27.png,282,458
163d0469-ab32-4969-85be-bb3c00f6bb27.png,277,346
163d0469-ab32-4969-85be-bb3c00f6bb27.png,208,360
163d0469-ab32-4969-85be-bb3c00f6bb27.png,262,241
163d0469-ab32-4969-85be-bb3c00f6bb27.png,175,197
163d0469-ab32-4969-85be-bb3c00f6bb27.png,235,128
163d0469-ab32-4969-85be-bb3c00f6bb27.png,279,115
163d0469-ab32-4969-85be-bb3c00f6bb27.png,170,115
163d0469-ab32-4969-85be-bb3c00f6bb27.png,106,111
163d0469-ab32-4969-85be-bb3c00f6bb27.png,83,194
163d0469-ab32-4969-85be-bb3c00f6bb27.png,26,184
16466533-83ea-4742-b5d8-09707e4fe431.png,24,103
16466533-83ea-4742-b5d8-09707e4fe431.png,73,102
16466533-83ea-4742-b5d8-09707e4fe431.png,59,185
16466533-83ea-4742-b5d8-09707e4fe431.png,59,251
16466533-83ea-4742-b5d8-09707e4fe431.png,59,333
16466533-83ea-4742-b5d8-09707e4fe431.png,105,404
16466533-83ea-4742-b5d8-09707e4fe431.png,165,449
16466533-83ea-4742-b5d8-09707e4fe431.png,233,403
16466533-83ea-4742-b5d8-09707e4fe431.png,287,323
16466533-83ea-4742-b5d8-09707e4fe431.png,238,274
16466533-83ea-4742-b5d8-09707e4fe431.png,274,171
16466533-83ea-4742-b5d8-09707e4fe431.png,250,122
164a4e6b-7e00-43bf-9b97-74a345688d11.png,61,262
164a4e6b-7e00-43bf-9b97-74a345688d11.png,76,329
164a4e6b-7e00-43bf-9b97-74a345688d11.png,123,391
164a4e6b-7e00-43bf-9b97-74a345688d11.png,184,396
16656bdb-1bb2-4c6d-a736-8e7b16015304.png,274,359
16656bdb-1bb2-4c6d-a736-8e7b16015304.png,265,182
16656bdb-1bb2-4c6d-a736-8e7b16015304.png,226,140
16656bdb-1bb2-4c6d-a736-8e7b16015304.png,150,107
16656bdb-1bb2-4c6d-a736-8e7b16015304.png,44,290
16656bdb-1bb2-4c6d-a736-8e7b16015304.png,58,426
16656bdb-1bb2-4c6d-a736-8e7b16015304.png,175,426
16656bdb-1bb2-4c6d-a736-8e7b16015304.png,239,403
166a7671-ac43-4df6-a272-bacd5bd636d2.png,33,441
166a7671-ac43-4df6-a272-bacd5bd636d2.png,136,445
166a7671-ac43-4df6-a272-bacd5bd636d2.png,213,445
166a7671-ac43-4df6-a272-bacd5bd636d2.png,288,440
166a7671-ac43-4df6-a272-bacd5bd636d2.png,254,319
166a7671-ac43-4df6-a272-bacd5bd636d2.png,162,371
166a7671-ac43-4df6-a272-bacd5bd636d2.png,69,347
166a7671-ac43-4df6-a272-bacd5bd636d2.png,38,296
166a7671-ac43-4df6-a272-bacd5bd636d2.png,223,235
166a7671-ac43-4df6-a272-bacd5bd636d2.png,256,155
166a7671-ac43-4df6-a272-bacd5bd636d2.png,167,275
013b301c-214b-4045-9fbc-16fece0b25cd.png,183,136
167f015d-b8cb-44ee-913e-c770d74a4881.png,172,220
16b98f2a-aebb-4530-8969-c0d8c734e15b.png,142,192
16b98f2a-aebb-4530-8969-c0d8c734e15b.png,215,193
16b98f2a-aebb-4530-8969-c0d8c734e15b.png,252,154
16bc9248-d173-41d1-980e-c5faa56285ca.png,35,332
16bc9248-d173-41d1-980e-c5faa56285ca.png,63,351
16bc9248-d173-41d1-980e-c5faa56285ca.png,97,371
16bc9248-d173-41d1-980e-c5faa56285ca.png,116,202
16bc9248-d173-41d1-980e-c5faa56285ca.png,291,188
16bc9248-d173-41d1-980e-c5faa56285ca.png,291,250
16bc9248-d173-41d1-980e-c5faa56285ca.png,291,328
16bc9248-d173-41d1-980e-c5faa56285ca.png,281,372
16bc9248-d173-41d1-980e-c5faa56285ca.png,57,326
16bc9248-d173-41d1-980e-c5faa56285ca.png,31,380
16e8ea66-8964-4d78-90fc-e6c0d36fa637.png,57,419
16e8ea66-8964-4d78-90fc-e6c0d36fa637.png,141,419
16e8ea66-8964-4d78-90fc-e6c0d36fa637.png,180,384
16e8ea66-8964-4d78-90fc-e6c0d36fa637.png,172,337
16e8ea66-8964-4d78-90fc-e6c0d36fa637.png,136,302
16e8ea66-8964-4d78-90fc-e6c0d36fa637.png,134,264
16e8ea66-8964-4d78-90fc-e6c0d36fa637.png,135,239
16e8ea66-8964-4d78-90fc-e6c0d36fa637.png,118,189
16e8ea66-8964-4d78-90fc-e6c0d36fa637.png,130,159
16e8ea66-8964-4d78-90fc-e6c0d36fa637.png,109,131
16e8ea66-8964-4d78-90fc-e6c0d36fa637.png,72,131
16e8ea66-8964-4d78-90fc-e6c0d36fa637.png,26,123
16e8ea66-8964-4d78-90fc-e6c0d36fa637.png,38,85
16e8ea66-8964-4d78-90fc-e6c0d36fa637.png,283,191
16e8ea66-8964-4d78-90fc-e6c0d36fa637.png,306,284
16e8ea66-8964-4d78-90fc-e6c0d36fa637.png,277,349
16e8ea66-8964-4d78-90fc-e6c0d36fa637.png,198,405
17087ba2-e7fe-4c4f-a77b-af734a804fb8.png,100,346
17087ba2-e7fe-4c4f-a77b-af734a804fb8.png,138,346
17087ba2-e7fe-4c4f-a77b-af734a804fb8.png,140,396
17087ba2-e7fe-4c4f-a77b-af734a804fb8.png,151,396
17087ba2-e7fe-4c4f-a77b-af734a804fb8.png,218,363
17087ba2-e7fe-4c4f-a77b-af734a804fb8.png,158,476
173ab3b9-7cd0-432f-97a2-cbd7e04b9ad2.png,42,234
173ab3b9-7cd0-432f-97a2-cbd7e04b9ad2.png,67,199
173ab3b9-7cd0-432f-97a2-cbd7e04b9ad2.png,84,238
173ab3b9-7cd0-432f-97a2-cbd7e04b9ad2.png,97,302
173ab3b9-7cd0-432f-97a2-cbd7e04b9ad2.png,120,356
173ab3b9-7cd0-432f-97a2-cbd7e04b9ad2.png,259,368
173ab3b9-7cd0-432f-97a2-cbd7e04b9ad2.png,276,327
1744d401-b2a7-49fd-9808-048976fd6ac9.png,241,242
1744d401-b2a7-49fd-9808-048976fd6ac9.png,246,173
1744d401-b2a7-49fd-9808-048976fd6ac9.png,204,88
1744d401-b2a7-49fd-9808-048976fd6ac9.png,107,354
1744d401-b2a7-49fd-9808-048976fd6ac9.png,219,459
175e0e84-4b4e-4aaa-82b4-c0f1600066bc.png,33,272
175e0e84-4b4e-4aaa-82b4-c0f1600066bc.png,100,235
175e0e84-4b4e-4aaa-82b4-c0f1600066bc.png,172,202
175e0e84-4b4e-4aaa-82b4-c0f1600066bc.png,293,197
175e0e84-4b4e-4aaa-82b4-c0f1600066bc.png,284,135
175e0e84-4b4e-4aaa-82b4-c0f1600066bc.png,118,404
1767c1fc-55ab-44ce-86da-600fe79b5989.png,54,456
1767c1fc-55ab-44ce-86da-600fe79b5989.png,107,249
1767c1fc-55ab-44ce-86da-600fe79b5989.png,268,168
1775f69d-ebad-4a7e-bca7-2311c133f067.png,52,184
178353f2-ae4b-4228-a4ed-5984c8a00ef6.png,194,268
178353f2-ae4b-4228-a4ed-5984c8a00ef6.png,224,278
178353f2-ae4b-4228-a4ed-5984c8a00ef6.png,296,293
178353f2-ae4b-4228-a4ed-5984c8a00ef6.png,150,150
178353f2-ae4b-4228-a4ed-5984c8a00ef6.png,68,145
17c35dac-e72f-4b4b-abcd-ccba82d463ea.png,113,183
17c35dac-e72f-4b4b-abcd-ccba82d463ea.png,225,133
17c35dac-e72f-4b4b-abcd-ccba82d463ea.png,248,185
17c35dac-e72f-4b4b-abcd-ccba82d463ea.png,170,296
17c35dac-e72f-4b4b-abcd-ccba82d463ea.png,120,413
17cf0d6b-c543-4021-a0cd-56237361f7d5.png,104,185
17cf0d6b-c543-4021-a0cd-56237361f7d5.png,237,210
17dbd904-1e81-44cb-8200-c15d306085ba.png,242,244
17e0a9f1-7bdc-4d26-a35e-9c80ae0c9455.png,125,367
17e0a9f1-7bdc-4d26-a35e-9c80ae0c9455.png,190,401
17e0a9f1-7bdc-4d26-a35e-9c80ae0c9455.png,115,469
17e0a9f1-7bdc-4d26-a35e-9c80ae0c9455.png,241,372
1800c691-02e3-43a5-b9d7-dd377ecd0f7a.png,242,349
1800c691-02e3-43a5-b9d7-dd377ecd0f7a.png,257,222
1800c691-02e3-43a5-b9d7-dd377ecd0f7a.png,109,206
1800c691-02e3-43a5-b9d7-dd377ecd0f7a.png,43,217
1800c691-02e3-43a5-b9d7-dd377ecd0f7a.png,43,325
1800c691-02e3-43a5-b9d7-dd377ecd0f7a.png,177,371
182d7a82-09f4-4080-88ce-7a36b73893d2.png,160,406
182d7a82-09f4-4080-88ce-7a36b73893d2.png,233,298
182d7a82-09f4-4080-88ce-7a36b73893d2.png,251,159
182d7a82-09f4-4080-88ce-7a36b73893d2.png,157,112
182d7a82-09f4-4080-88ce-7a36b73893d2.png,96,123
182d7a82-09f4-4080-88ce-7a36b73893d2.png,202,213
182d7a82-09f4-4080-88ce-7a36b73893d2.png,142,430
18cedb8e-a9d3-4053-bd13-0060850382d8.png,117,434
18cedb8e-a9d3-4053-bd13-0060850382d8.png,233,432
18cedb8e-a9d3-4053-bd13-0060850382d8.png,255,166
18cedb8e-a9d3-4053-bd13-0060850382d8.png,157,107
18cedb8e-a9d3-4053-bd13-0060850382d8.png,113,109
18cedb8e-a9d3-4053-bd13-0060850382d8.png,50,132
18fc9cfd-e43c-4fa5-af87-bde25577e9e6.png,146,371
18fc9cfd-e43c-4fa5-af87-bde25577e9e6.png,195,195
18fc9cfd-e43c-4fa5-af87-bde25577e9e6.png,81,187
191976cd-0d4d-4fca-92c8-f816089242b7.png,188,414
191976cd-0d4d-4fca-92c8-f816089242b7.png,241,379
191976cd-0d4d-4fca-92c8-f816089242b7.png,282,308
192b28de-9d11-4349-9192-ad9009423347.png,283,230
192b28de-9d11-4349-9192-ad9009423347.png,288,267
192b28de-9d11-4349-9192-ad9009423347.png,287,321
1931d1ea-e0ef-4ae0-9fca-13f1dde7263a.png,67,217
1931d1ea-e0ef-4ae0-9fca-13f1dde7263a.png,39,300
1931d1ea-e0ef-4ae0-9fca-13f1dde7263a.png,234,452
1931d1ea-e0ef-4ae0-9fca-13f1dde7263a.png,279,336
1931d1ea-e0ef-4ae0-9fca-13f1dde7263a.png,282,286
